"name","comment"
"n.cai_thao","Cáº§n triá»‡u há»“i gáº¥p cali khÃ¡t nÆ°á»›c vá» VN uá»‘ng háº¿t nÆ°á»›c Ä‘á»ƒ cho cÃ¡c tá»‰nh miá»n Báº¯c háº¿t ngáº­p ğŸ˜­ğŸ˜­ğŸ˜­,Cáº§n triá»‡u há»“i gáº¥p cali khÃ¡t nÆ°á»›c vá» VN uá»‘ng háº¿t nÆ°á»›c Ä‘á»ƒ cho cÃ¡c tá»‰nh miá»n Báº¯c háº¿t ngáº­p ğŸ˜­ğŸ˜­ğŸ˜­"
"oang04321","cho máº¥y Ã´ng cali Ä‘á»©ng á»Ÿ chá»— thay máº¥y cÃ¡i Ä‘Ãª Ä‘Æ°á»£c khÃ´ng,Cáº§n triá»‡u há»“i gáº¥p cali khÃ¡t nÆ°á»›c vá» VN uá»‘ng háº¿t nÆ°á»›c Ä‘á»ƒ cho cÃ¡c tá»‰nh miá»n Báº¯c háº¿t ngáº­p ğŸ˜­ğŸ˜­ğŸ˜­"
"n.cai_thao","Dc nha, Ä‘Ã´ng Ä‘áº£o thá»ƒ nÃ y cháº¯c lÃ  kÃ­n Ä‘Ãª,Cáº§n triá»‡u há»“i gáº¥p cali khÃ¡t nÆ°á»›c vá» VN uá»‘ng háº¿t nÆ°á»›c Ä‘á»ƒ cho cÃ¡c tá»‰nh miá»n Báº¯c háº¿t ngáº­p ğŸ˜­ğŸ˜­ğŸ˜­"
"tuanhung0715","Hi vá»ng Hanni Newjeans sá»›m qua Viá»‡t Nam lÆ°u diá»…n,Cáº§n triá»‡u há»“i gáº¥p cali khÃ¡t nÆ°á»›c vá» VN uá»‘ng háº¿t nÆ°á»›c Ä‘á»ƒ cho cÃ¡c tá»‰nh miá»n Báº¯c háº¿t ngáº­p ğŸ˜­ğŸ˜­ğŸ˜­"
"___1610g_","cáº§n nháº­p sá»‰ cali vá» Ä‘áº¯p quanh nhÃ  cho Ä‘á»¡ lá»t ncğŸ¥²,Cáº§n triá»‡u há»“i gáº¥p cali khÃ¡t nÆ°á»›c vá» VN uá»‘ng háº¿t nÆ°á»›c Ä‘á»ƒ cho cÃ¡c tá»‰nh miá»n Báº¯c háº¿t ngáº­p ğŸ˜­ğŸ˜­ğŸ˜­"
"ngocc_kkhanh","cali ra uá»‘ng háº¿t Ä‘i nha r cminh cÃ¹ng vÃ o dinh Ä‘á»™c láº­p thÄƒm quan,Cáº§n triá»‡u há»“i gáº¥p cali khÃ¡t nÆ°á»›c vá» VN uá»‘ng háº¿t nÆ°á»›c Ä‘á»ƒ cho cÃ¡c tá»‰nh miá»n Báº¯c háº¿t ngáº­p ğŸ˜­ğŸ˜­ğŸ˜­"
"n.cai_thao","Nháº¥t trÃ­,Cáº§n triá»‡u há»“i gáº¥p cali khÃ¡t nÆ°á»›c vá» VN uá»‘ng háº¿t nÆ°á»›c Ä‘á»ƒ cho cÃ¡c tá»‰nh miá»n Báº¯c háº¿t ngáº­p ğŸ˜­ğŸ˜­ğŸ˜­"
"ngocc_kkhanh","dáº¡,Cáº§n triá»‡u há»“i gáº¥p cali khÃ¡t nÆ°á»›c vá» VN uá»‘ng háº¿t nÆ°á»›c Ä‘á»ƒ cho cÃ¡c tá»‰nh miá»n Báº¯c háº¿t ngáº­p ğŸ˜­ğŸ˜­ğŸ˜­"
"tailanh.244","NÃ³i nhá» thÃ´i ko nÃ³ láº¡i lÃ¹a bÃ¢y h,Cáº§n triá»‡u há»“i gáº¥p cali khÃ¡t nÆ°á»›c vá» VN uá»‘ng háº¿t nÆ°á»›c Ä‘á»ƒ cho cÃ¡c tá»‰nh miá»n Báº¯c háº¿t ngáº­p ğŸ˜­ğŸ˜­ğŸ˜­"
"n.cai_thao","Kkk, sá»£ gÃ¬ bÃ¡c Æ¡i ğŸ¤£,Cáº§n triá»‡u há»“i gáº¥p cali khÃ¡t nÆ°á»›c vá» VN uá»‘ng háº¿t nÆ°á»›c Ä‘á»ƒ cho cÃ¡c tá»‰nh miá»n Báº¯c háº¿t ngáº­p ğŸ˜­ğŸ˜­ğŸ˜­"
"hawgf.p","cali trá»‘n trong gÃ³c vÃ  niá»‡m,Cáº§n triá»‡u há»“i gáº¥p cali khÃ¡t nÆ°á»›c vá» VN uá»‘ng háº¿t nÆ°á»›c Ä‘á»ƒ cho cÃ¡c tá»‰nh miá»n Báº¯c háº¿t ngáº­p ğŸ˜­ğŸ˜­ğŸ˜­"
"gheiuwonyoung_","Nháº¯n váº§y mÃ  báº£o khÃ´ng phÃ¢n biá»‡t vÃ¹ng miá»n ?,Nháº¯n váº§y mÃ  báº£o khÃ´ng phÃ¢n biá»‡t vÃ¹ng miá»n ?"
"gheiuwonyoung_","Äá»‘i vá»›i tui thÃ¬ ngÆ°á»i miá»n TÃ¢y phÃ³ng khoÃ¡ng, hÃ i hÆ°á»›c, ngÆ°á»i miá»n Nam dá»… thÆ°Æ¡ng, thÃ¢n thiá»‡n, ngÆ°á»i miá»n Trung chá»‹u khÃ³, siÃªng nÄƒng, ngÆ°á»i miá»n Báº¯c giá»i, ham há»c há»i. Má»—i miá»n má»—i kiá»ƒu ngÆ°á»i, cÃ³ Æ°u Ä‘iá»ƒm vÃ  cÅ©ng cÃ³ khuyáº¿t Ä‘iá»ƒm. NÃªn má»i ngÆ°á»i Ä‘á»«ng Ä‘Ã¡nh Ä‘á»“ng cáº£ má»™t táº­p thá»ƒ vÃ¬ má»™t cÃ¡ nhÃ¢n nha. Miá»n nÃ o thÃ¬ cÅ©ng lÃ  chung má»™t nÆ°á»›c Viá»‡t Nam cáº£ mÃ .ğŸ˜­,Nháº¯n váº§y mÃ  báº£o khÃ´ng phÃ¢n biá»‡t vÃ¹ng miá»n ?"
"njz_.mylove","id tik nÃ³ cho ai cáº§n: bonqieu_011,Nháº¯n váº§y mÃ  báº£o khÃ´ng phÃ¢n biá»‡t vÃ¹ng miá»n ?"
"108.smilodon","Báº¯c ká»³ lÃ  chÃºa ká»³ thá»‹ vÃ¹ng miá»n, báº¯c ká»³ tá»± cho lÃ : - Giá»ng/ tá»« ngá»¯ báº¯c lÃ  chuáº©n, cÃ²n láº¡i lÃ  giá»ng/ tá»« ngá»¯ Ä‘á»‹a phÆ°Æ¡ng - Äá»“ Äƒn pháº£i chuáº©n báº¯c, mÃ³n Äƒn tá»‰nh khÃ¡c Ä‘á»u xuáº¥t xá»© báº¯c - Báº¯c lÃ m lÃ£nh Ä‘áº¡o cÃ³ lÃ½ luáº­n - DÃ¢n miá»n báº¯c xkld Ä‘em tiá»n Ä‘Ã´ vá», dÃ¢n Nam tham Äƒn nháº­u nháº¹t lÆ°á»i lÃ m - HÃ i báº¯c thÃ¢m thÃºy, hÃ i Nam nháº£m - Miá»n báº¯c giá»¯ gÃ¬n truyá»n thá»‘ng, cÃ¡c vÃ¹ng khÃ¡c vÄƒn hÃ³a Ä‘á»u pháº£i giá»‘ng báº¯c ká»³ - báº¯c ká»³ máº·c Ä‘á»‹nh Nam Ká»³ hoáº·c ai kiu báº¯c ká»³ lÃ  3que pháº£n Ä‘á»™ng - DÃ¢n báº¯c lÃ m cÃ³ Ä‘á»ƒ dÃ nh, dÃ¢n Nam phung phÃ­,Nháº¯n váº§y mÃ  báº£o khÃ´ng phÃ¢n biá»‡t vÃ¹ng miá»n ?"
"love_moscow_todeath","T ngÆ°á»i Báº¯c á»Ÿ Nam nÃ³i tiáº¿ng Nam nÃ¨ Ä‘á»¥ mÃ¡. Má»‡t tá»¥i mÃ y quÃ¡ Ä‘m, Báº¯c Trung Nam ae 1 nhÃ ,Nháº¯n váº§y mÃ  báº£o khÃ´ng phÃ¢n biá»‡t vÃ¹ng miá»n ?"
"petho.con","Miá»n TÃ¢y thÃ¬ sao?? ThÃ¬ sao??! T miá»n TÃ¢y nhÆ°ng mÃ  t cÅ©ng á»Ÿ thÃ nh phá»‘ mÃ , sao láº¡i cÃ³ Ã¡c cáº£m tá»›i vğŸ˜­,Nháº¯n váº§y mÃ  báº£o khÃ´ng phÃ¢n biá»‡t vÃ¹ng miá»n ?"
"adu_emyeu","Äa pháº§n máº¥y Ä‘c tÃªn bÃ´ng hoáº·c chip khÃ¡ hÃ£m,Nháº¯n váº§y mÃ  báº£o khÃ´ng phÃ¢n biá»‡t vÃ¹ng miá»n ?"
"im_hungwy","Trá»i mÃ¡! Äá»‚ TUI Ká»‚ CHO NGHE! Há»“i bá»¯a Ä‘i Grab, Ã´ng tÃ i xáº¿ há»i t ra Báº¯c chÆ°a. T tráº£ lá»i t má»›i Ä‘i Thanh HoÃ¡ vá». Xong t há»i ngÆ°á»£c láº¡i á»•ng â€œváº­y chÃº cÃ³ Ä‘i miá»n TÃ¢y chÆ°a chÃº?!â€ thÃ¬ á»•ng tráº£ lá»i z nÃ¨: â€œÄ‘i rá»“i chÃ¡u áº¡, cÆ¡ mÃ  lÃºc vÃ o Ä‘áº¥y chÃº toÃ n Äƒn mÃ¬ gÃ³i thÃ´iâ€ğŸ‘ï¸ğŸ‘„ğŸ‘ï¸ â€œÄ‘á»“ trong Ä‘áº¥y ngá»t vÃ£i, kh Äƒn Ä‘Æ°á»£c!â€ kiá»ƒu trl dá»… thÆ°Æ¡ng ghÃª ğŸ¥°! TÆ°á»Ÿng váº­y lÃ  mÃ¬nh cÃ³ duyÃªn! Kh thÃ­ch á»©ng Ä‘c, kh biáº¿t tÃ´n trá»ng sá»± khÃ¡c biá»‡t vÃ  Ä‘a dáº¡ng trong kháº©u vá»‹ cá»§a cÃ¡c vÃ¹ng miá»n, thÃ¬ Ä‘á»«ng tá»± cho lÃ  mÃ¬nh sÃ nh Äƒn ğŸ¤£ Cáº£m Æ¡n!,Nháº¯n váº§y mÃ  báº£o khÃ´ng phÃ¢n biá»‡t vÃ¹ng miá»n ?"
"yoichi1th4","NgÆ°á»i Báº¯c háº£ báº¡n Ä‘á»ƒ acc â€œiem BÃ´ngâ€ áº¥y?,Nháº¯n váº§y mÃ  báº£o khÃ´ng phÃ¢n biá»‡t vÃ¹ng miá»n ?"
"gheiuwonyoung_","Dáº¡,Nháº¯n váº§y mÃ  báº£o khÃ´ng phÃ¢n biá»‡t vÃ¹ng miá»n ?"
"ngtth_27","ğŸ˜¢,Nháº¯n váº§y mÃ  báº£o khÃ´ng phÃ¢n biá»‡t vÃ¹ng miá»n ?"
"thaoknguyen1412","Ä‘cm thá» áº¥y, nhÃ  bá»‘ tao lÃ  miá»n tay sá»‘ng á»Ÿ nam, máº¹ tao miá»n báº¯c. má»—i láº§n tao vá» quÃª ngoáº¡i lÃ  sáº½ cÃ³ thá»ƒ loáº¡i, Ã´ con 5 kÃ­, miá»n Nam bá»n mÃ y cÃ³ nÃ y k cÃ³ kia k Miá»n Nam bá»n mÃ y k phÃ¡t triá»ƒn, miá»n Nam bá»n mÃ y nÃ y kia nch nghe khÃ³ chá»‹u vÃ£i :))) kiá»ƒu tháº¿ mÃ¬nh thÃ¬ mÃ¬nh nÃ³i giá»ng báº¯c giá»ng nam Ä‘á»u Ä‘Æ°á»£c chá»© kph vá» báº¯c láº¡i nÃ³i giá»ng nam Ä‘Ã¢u. cháº£ hiá»ƒu sao,Nháº¯n váº§y mÃ  báº£o khÃ´ng phÃ¢n biá»‡t vÃ¹ng miá»n ?"
"wxing.an","BÃ´ng nÃ y lÃ  BÃ´ng gÃ¬ nhá»‰,Nháº¯n váº§y mÃ  báº£o khÃ´ng phÃ¢n biá»‡t vÃ¹ng miá»n ?"
"mayuwn_9","phÃ¨n cc,Nháº¯n váº§y mÃ  báº£o khÃ´ng phÃ¢n biá»‡t vÃ¹ng miá»n ?"
"neyutie_noc","hay v chá»µ,Nháº¯n váº§y mÃ  báº£o khÃ´ng phÃ¢n biá»‡t vÃ¹ng miá»n ?"
"_th.chmw","Ã´iiii bÃ´ng hÃ¡ má»“m ra mÃ¬nh Ä‘Ã¡i cho tÃ­ nÆ°á»›c nhÃ¡,Nháº¯n váº§y mÃ  báº£o khÃ´ng phÃ¢n biá»‡t vÃ¹ng miá»n ?"
"thodaoghe","PhÃ¢n biá»‡t vÃ¹ng miá»n !,PhÃ¢n biá»‡t vÃ¹ng miá»n !"
"nogame_nohow","â€˜LÃ£nh Ä‘áº¡o pháº£i lÃ  ngÆ°á»i Báº¯c, biáº¿t nÃ­ nuáº­n.â€™ Trá»ng LÃº trÆ°á»›c khi Ä‘i thÄƒm BoÃ¡c HÃ¹ Ä‘Ã£ dáº·n tháº¿! ğŸ˜‚ğŸ˜ğŸ˜ƒ,PhÃ¢n biá»‡t vÃ¹ng miá»n !"
"justinn2607","Táº¡i toÃ n lÅ© bá»£ Ä‘Ã­t Gia long vá»›i vá»‡n con thÃ¬ Ä‘Ã©o ai cho lÃªn ná»•i ğŸ¤¡,PhÃ¢n biá»‡t vÃ¹ng miá»n !"
"truonhbinh","Báº¯c ky + CÃ´ng Sáº£n = C.hÃ³,PhÃ¢n biá»‡t vÃ¹ng miá»n !"
"sinhhoangkhuong","NgÆ°á»i nam lÃ  loáº¡i ngÆ°á»i nÃ o,PhÃ¢n biá»‡t vÃ¹ng miá»n !"
"tieulylaodown","Anh Ba X xÆ°a quÃª Ä‘Ã¢u nhá»‰? Thá»i xÆ°a ai thá»±c quyá»n báº¡n cÃ³ biáº¿t khÃ´ng? MÃ£i thá»i cá»¥ Trá»ng lÃªn thÃ¬ TBT má»›i thá»ƒ hiá»‡n Ä‘c vai trÃ².,PhÃ¢n biá»‡t vÃ¹ng miá»n !"
"nogame_nohow","RÃµ rÃ ng lÃ  lá»i kÃªu gá»i â€œHoÃ  Há»£p HoÃ  Giáº£iâ€ cá»§a VC chÃºng nÃ³ cháº³ng khÃ¡c gÃ¬ kÃªu gá»i nhá»¯ng con chÃ³ nhÃ  hÃ£y sá»‘ng chung vá»›i chÃ³ sÃ³i!,PhÃ¢n biá»‡t vÃ¹ng miá»n !"
"sinhhoangkhuong","KhÃ¡c gÃ¬ 3/ lÃ  chÃ³ cÆ°ng cá»§a má»¹,PhÃ¢n biá»‡t vÃ¹ng miá»n !"
"tra_da_via_he_","Loáº¡i chÃºng mÃ y thÃ¬ loáº¡i tá»« lá»©c má»›i ná»Ÿ,PhÃ¢n biá»‡t vÃ¹ng miá»n !"
"xanhkinhte","NgÆ°á»i miá»n Nam lÃ  dÃ¢n tá»™c nÃ o. ÄÆ°a ngÆ°á»i Hoa lÃªn háº£.,PhÃ¢n biá»‡t vÃ¹ng miá»n !"
"louisrosa46","Rá»“i sao,Ä‘á»ƒ bá»n ngá»¥y chÃºng mÃ y láº¡i rÆ°á»›c ngoáº¡i bang vá» xÃ¢m lÆ°á»£c ná»¯a Ã .,PhÃ¢n biá»‡t vÃ¹ng miá»n !"
"nam.dp","ÄÃºng ngay tim Ä‘en bá»n tá»™c cá»‘i,PhÃ¢n biá»‡t vÃ¹ng miá»n !"
"lao_dai_78","CÃ³ thÃ¬ cháº¯c chia 2 vÃ¬ tÆ° tÆ°á»Ÿng theo vnch nÃ³ Äƒn trong mÃ¡u rá»“i,PhÃ¢n biá»‡t vÃ¹ng miá»n !"
"yzyz_jxy","Cho chÃºng mÃ y vÃ o nhÃ  nÆ°á»›c Ä‘á»ƒ chÃºng mÃ y láº¡i bÃ¡n nÆ°á»›c Ã  =)))) máº¥y con ngan con tá»‰nh Ä‘i,PhÃ¢n biá»‡t vÃ¹ng miá»n !"
"quachtrongvan","KhÃ´ng pháº£i khÃ´ng cÃ³ mÃ  lÃ  chÆ°a cÃ³ ngÆ°á»i tÃ i lÃªn Ä‘Æ°á»£c ÄÃ¡m cáº©u nÃ´ chÃºng mÃ y tÃ­nh chia ráº½ aiğŸ˜‚,PhÃ¢n biá»‡t vÃ¹ng miá»n !"
"horus970124","Máº¥y tháº±ng pháº£n Ä‘á»™ng chÃºng m ngoÃ i bá»›i lÃ´ng tÃ¬m vá» ra thÃ¬ cÃ²n lÃ m Ä‘c cc gÃ¬ ná»¯a =))))) Ã´ng cha bÃ¡n nÆ°á»›c bá»£ djt giáº·c, con chÃ¡u lÆ°u vong cáº¯n tá»• quá»‘c =)))) cáº£ dÃ²ng há» nÃ´ tÃ­nh vi tÃ´n, nÃ´ huyáº¿t cháº£y xuÃ´i =))))) ngon thÃ¬ báº¡o Ä‘á»™ng khá»Ÿi nghÄ©a Ä‘i =))))))))),PhÃ¢n biá»‡t vÃ¹ng miá»n !"
"vtnhuyennn__","Há»“i A50 lÃ  cÃ¡c báº¡n cháº¿ giá»…u vÃ  chá»­i dÃ¢n Miá»n Nam xá»“n xá»“n , khÃ´ng cÃ³ vÄƒn hoÃ¡ , vÄƒn minh . Con gÃ¡i Miá»n Nam khÃ´ng cÃ³ giÃ¡ trá»‹ . Giá» bá»‹ chá»­i láº¡i cÃ¡i cÃ¡c báº¡n dá»±ng lÃªn cÃ£i cá»‘ .KÃªu phÃ¢n biá»‡t vÃ¹ng miá»n =)) LÃ  muá»‘n saoooo? KÃ¨o thÆ¡m: â€œThá»§ Ä‘Ã´ ngÃ n nÄƒm vÄƒn hiáº¿nâ€ KÃ¨o thÃºi: â€œá» Ä‘Ã¢u cÅ©ng cÃ³ ngÆ°á»i nÃ y ngÆ°á»i kiaâ€ or â€œNgÆ°á»i á»Ÿ tá»‰nh khÃ¡c ra phÃ¡â€ CÃ£i khÃ´ng láº¡i: â€œBá»n mÃ y pbvm, cali thiáº¿u nÆ°á»›c Ã ?â€ Cáº£ nÆ°á»›c xem diá»…u binh cá»§ng tháº¥y A50 rÃµ tÃ´n trá»ng vÃ  vui váº» , tráº­t tá»± hÆ¡n A80 ráº¥t nhiá»u . LÃ  cÃ¡c báº¡n chá»­i ngta trÆ°á»›c mÃ ğŸ™„,Há»“i A50 lÃ  cÃ¡c báº¡n cháº¿ giá»…u vÃ  chá»­i dÃ¢n Miá»n Nam xá»“n xá»“n , khÃ´ng cÃ³ vÄƒn hoÃ¡ ,..."
"black_vir","Váº«n máº¯c cÆ°á»i cÃ¡i vÄƒn hoÃ¡ Ä‘Ã²i váº£ ngÆ°á»i khÃ¡c,Há»“i A50 lÃ  cÃ¡c báº¡n cháº¿ giá»…u vÃ  chá»­i dÃ¢n Miá»n Nam xá»“n xá»“n , khÃ´ng cÃ³ vÄƒn hoÃ¡ ,..."
"108.smilodon","Báº¯c ká»³ lÃ  chÃºa ká»³ thá»‹ vÃ¹ng miá»n, báº¯c ká»³ tá»± cho lÃ : - Giá»ng/ tá»« ngá»¯ báº¯c lÃ  chuáº©n, cÃ²n láº¡i lÃ  giá»ng/ tá»« ngá»¯ Ä‘á»‹a phÆ°Æ¡ng - Äá»“ Äƒn pháº£i chuáº©n báº¯c, mÃ³n Äƒn tá»‰nh khÃ¡c Ä‘á»u xuáº¥t xá»© báº¯c - Báº¯c lÃ m lÃ£nh Ä‘áº¡o cÃ³ lÃ½ luáº­n - DÃ¢n miá»n báº¯c xkld Ä‘em tiá»n Ä‘Ã´ vá», dÃ¢n Nam tham Äƒn nháº­u nháº¹t lÆ°á»i lÃ m - HÃ i báº¯c thÃ¢m thÃºy, hÃ i Nam nháº£m - Miá»n báº¯c giá»¯ gÃ¬n truyá»n thá»‘ng, cÃ¡c vÃ¹ng khÃ¡c vÄƒn hÃ³a Ä‘á»u pháº£i giá»‘ng báº¯c ká»³ - báº¯c ká»³ máº·c Ä‘á»‹nh Nam Ká»³ hoáº·c ai kiu báº¯c ká»³ lÃ  3que pháº£n Ä‘á»™ng - DÃ¢n báº¯c lÃ m cÃ³ Ä‘á»ƒ dÃ nh, dÃ¢n Nam phung phÃ­,Há»“i A50 lÃ  cÃ¡c báº¡n cháº¿ giá»…u vÃ  chá»­i dÃ¢n Miá»n Nam xá»“n xá»“n , khÃ´ng cÃ³ vÄƒn hoÃ¡ ,..."
"danteevans99999","Má»™t bÃ i há»c ai rá»“i cÅ©ng sáº½ há»c: ""khÃ´ng cÃ³ sá»± ká»³ thá»‹ nÃ o lÃ  tá»± nhiÃªn sinh ra cáº£"" ğŸ˜†ğŸ˜‚ğŸ¤­ KhÃ´ng pháº£i ngáº«u nhiÃªn mÃ  tá»« báº¯c ká»³ sá»©c sÃ¡t thÆ°Æ¡ng lá»›n hÆ¡n háº³n trung ká»³ hay nam ká»³ ğŸ¤£ğŸ˜Œ,Há»“i A50 lÃ  cÃ¡c báº¡n cháº¿ giá»…u vÃ  chá»­i dÃ¢n Miá»n Nam xá»“n xá»“n , khÃ´ng cÃ³ vÄƒn hoÃ¡ ,..."
"____tmquan____","TÃ´i ng HN nhÆ°ng á»§ng há»™ cÃ¡c báº¡n , cÃ¡c báº¡n cá»© chá»­i thoáº£i kÃ¡i Ä‘á»ƒ bá»n Ä‘b nÃ³ khÃ´n ra Dcm chÃºng nÃ³ máº¥t máº·t Ä‘Ã©o chá»‹u Ä‘Æ°á»£c,Há»“i A50 lÃ  cÃ¡c báº¡n cháº¿ giá»…u vÃ  chá»­i dÃ¢n Miá»n Nam xá»“n xá»“n , khÃ´ng cÃ³ vÄƒn hoÃ¡ ,..."
"vutrang488","NÃ³i tao pbvm cÅ©ng Ä‘Æ°á»£cc, nhÆ°ng tao dell mÃª ná»•i parky, cÃ³ thá»ƒ tao ko may máº¯n nÃªn toÃ n var pháº£i parkycho khÃ´ng, bao láº§n xÃ©m cháº¿t vÃ¬ parky nÃªn tao dell mÃª ná»•i chÃºng nÃ³. Tao sinh ra vÃ  lá»›n lÃªn trong namky, gá»‘c báº¯c, gia Ä‘Ã¬nh cÃ¡ch máº¡ng nÃ²i nhÆ°ng tao láº¡i ko thá»ƒ hoÃ  há»£p ná»•i vÄƒn hoÃ¡ parky, Ä‘áº·c biá»‡t lÃ  bá»n tá»± nháº­n ngÆ°á»i hÃ  thÃ nh, ngÆ°á»i phá»‘ cá»• chá»¥c há»™ gia Ä‘Ã¬nh dÃ¹ng chung má»™t nhÃ  xÃ­ ğŸ¤¦ğŸ»â€â™‚ï¸,Há»“i A50 lÃ  cÃ¡c báº¡n cháº¿ giá»…u vÃ  chá»­i dÃ¢n Miá»n Nam xá»“n xá»“n , khÃ´ng cÃ³ vÄƒn hoÃ¡ ,..."
"chikute.bui","MÃ¬nh ngÆ°á»i báº¯c mÃ  mÃ¬nh Ä‘á»c máº¥y bÃ i nÃ y mÃ¬nh gáº­t Ä‘áº§u lia lá»‹a, mÃ¬nh ko sá»‘ng báº­y nhÆ° bá»n Ä‘ang bá»‹ chá»­i vÃ  mÃ¬nh nghÄ© pháº£i cÃ³ nhiá»u bÃ i chÃª nhÆ° nÃ y thÃ¬ bá»n vÃ´ Ã½ thá»©c nÃ³ má»›i bá»›t bá»›t Ä‘i. CÃ²n máº¹ nÃ o ko vÃ´ Ã½ thá»©c thÃ¬ im Ä‘i vÃ¬ ko ai chá»­i máº¥y máº¹ Ä‘Ã¢u mÃ  nháº£y dá»±ng lÃªn,Há»“i A50 lÃ  cÃ¡c báº¡n cháº¿ giá»…u vÃ  chá»­i dÃ¢n Miá»n Nam xá»“n xá»“n , khÃ´ng cÃ³ vÄƒn hoÃ¡ ,..."
"yes_thatisyou","Ai cÅ©ng quÃªn trong nÃ y trá»™m drone Ã ? D pháº£i váº¥n Ä‘á» vÃ¹ng miá»n ná»¯a mÃ  do dÃ¢n mÃ¬nh Ã½ thá»©c tá»‡ vÃ£i l,Há»“i A50 lÃ  cÃ¡c báº¡n cháº¿ giá»…u vÃ  chá»­i dÃ¢n Miá»n Nam xá»“n xá»“n , khÃ´ng cÃ³ vÄƒn hoÃ¡ ,..."
"anhanh1115679","á» SG ko tháº¥y ai dÃ¡m Ä‘Æ°a cáº£ nhÃ  lÃªn trá»¥ Ä‘iá»‡n ngá»“i xem nhÆ° nÃ y,Há»“i A50 lÃ  cÃ¡c báº¡n cháº¿ giá»…u vÃ  chá»­i dÃ¢n Miá»n Nam xá»“n xá»“n , khÃ´ng cÃ³ vÄƒn hoÃ¡ ,..."
"_paotramm","KÃ¨o thÆ¡m: ngÆ°á»i HN KÃ¨o thÃºi: dÃ¢n HN gá»‘c cháº³ng ai thÃ¨m Ä‘i xem, toÃ n dÃ¢n tá»‰nh láº»,Há»“i A50 lÃ  cÃ¡c báº¡n cháº¿ giá»…u vÃ  chá»­i dÃ¢n Miá»n Nam xá»“n xá»“n , khÃ´ng cÃ³ vÄƒn hoÃ¡ ,..."
"_nh.dang98","A80 Ä‘Ã¢y :))) ngá»“i im lÃ  bá»‹ gÃ¬ hay sao mÃ  cá»© pháº£i cháº¡y sÃ¡t sÃ¡t láº¡i lÃ m gÃ¬. áº¢nh hÆ°á»Ÿng ngÆ°á»i xq, Ä‘á»£t cÃ²n Ä‘á»c Ä‘c 1 bÃ i báº£o ngÆ°á»i á»Ÿ Báº¯c dáº¡y con tá»‘t láº¯m k nhÆ° ngÆ°á»i Nam mÃ¬nh,Há»“i A50 lÃ  cÃ¡c báº¡n cháº¿ giá»…u vÃ  chá»­i dÃ¢n Miá»n Nam xá»“n xá»“n , khÃ´ng cÃ³ vÄƒn hoÃ¡ ,..."
"meimei.dan","ToÃ n máº¥y bÃ  ná»™i trung niÃªn cÅ©ng ra Ä‘Ãº hÃ² hÃ©t nhÆ° ai mÃ  Ä‘á»£t 30/4 chá»­i gÃ¡i MN k ra cÃ¡i gÃ¬ ğŸ˜€ Ã­t ra cÃ³ tháº¿ nÃ³i bá»n nÃ³ tráº» ng non dáº¡ (Ä‘á»™ tuá»•i Ä‘a pháº§n lÃ  dÆ°á»›i 22 )cÃ³ pháº§n quÃ¡ khÃ­ch vÃ¬ MN Ã­t dá»‹p nhÆ° nÃ y á» MB t tháº¥y cÃ¡c Ä‘á»‘i tÆ°á»£ng quÃ¡ khÃ­ch Ä‘a pháº§n trÃªn 30-40 luÃ´n mÃ  cÃ²n quáº­y cá»¡ Ä‘Ã³ thÃ¬ t k biáº¿t Ã½ thá»©c tá»‘t chá»— nÃ o , tráº» thÃ¬ kÃªu tráº» ng non dáº¡ Ä‘c Ä‘i cÃ²n lá»›n cá»¡ Ä‘Ã³ thÃ¬ ngta gá»i lÃ  giÃ  mÃ  ngu háº£,Há»“i A50 lÃ  cÃ¡c báº¡n cháº¿ giá»…u vÃ  chá»­i dÃ¢n Miá»n Nam xá»“n xá»“n , khÃ´ng cÃ³ vÄƒn hoÃ¡ ,..."
"abcxyz15678","Do Ä‘á»£t nÃ y diá»…u binh ngoÃ i HN tiÃªu cá»±c vÃ  nhiá»u hÃ¬nh áº£nh xáº¥u xÃ­ hÆ¡n miá»n Nam nÃªn má»›i giá»Ÿ giá»ng vÄƒn dÄ© hÃ²a vi quÃ½, ""á»Ÿ Ä‘Ã¢u cÅ©ng cÃ³ ngÆ°á»i nÃ y, ngÆ°á»i kia"". Thá»­ mÃ  ngoÃ i Ä‘áº¥y vÄƒn minh hÆ¡n trong nÃ y xem, láº¡i cháº³ng Ä‘á»“ng lÃ²ng quay ra chá»­i miá»n Nam ngay. NÃ³i Ä‘Ã¢u xa lÃºc sáº¯p diá»…n ra A80 Ä‘Ã£ cÃ³ má»™t Ä‘á»‘ng cmt báº£o ngoÃ i HN Ã½ thá»©c láº¯m, khÃ´ng nhÆ° miá»n Nam nhá»‘n nhÃ¡o, loáº¡n láº¡c Ä‘Ã¢u. Giá» káº¿t quáº£ nhÆ° nÃ o ai cÅ©ng tháº¥y, láº¡ gÃ¬ cÃ¡i tÃ­nh trÃ¡o trá»Ÿ cá»§a ngÆ°á»i Báº¯c ğŸ˜,Há»“i A50 lÃ  cÃ¡c báº¡n cháº¿ giá»…u vÃ  chá»­i dÃ¢n Miá»n Nam xá»“n xá»“n , khÃ´ng cÃ³ vÄƒn hoÃ¡ ,..."
"bunchazn","Cáº£ 2 bÃªn khÃ¡c chÃ³ gÃ¬ nhau ?? CÃ³ cÃ¡i Ä‘Ã©o gÃ¬ mÃ  cÃ£i. VÃ´ nghÄ©a vl! Cáº£ con chá»§ tus nÃ³i cÅ©ng ngu, cáº£ cÃ¡i Ä‘á»©a nÃ o mÃ  báº£o gÃ¬ mÃ  nhÆ° nÃ y nhÆ° kia ra hanoi váº£ cho cÅ©ng ngu. XÃ m l vÃ£i, Ä‘á»£t trc cáº£ Ä‘á»£t nÃ y Ä‘Ãªu cÃ³ cÃ£i nhau sao pháº£i nÃ y kia? NhÆ° nhau cáº£ thÃ´i, quan trá»ng lÃ  Ã½ thá»©c con ngÆ°á»i! Äá»ƒ diá»…u binh qua theo 1 cÃ¡ch yÃªn bÃ¬nh vui váº» Ä‘i!,Há»“i A50 lÃ  cÃ¡c báº¡n cháº¿ giá»…u vÃ  chá»­i dÃ¢n Miá»n Nam xá»“n xá»“n , khÃ´ng cÃ³ vÄƒn hoÃ¡ ,..."
"hinhsuhem160","náº¿u nÃ³i t lÃ  cali, thÃ¬ hÃ£y cho t Ä‘i thuá»µ sÄ© =)))),Há»“i A50 lÃ  cÃ¡c báº¡n cháº¿ giá»…u vÃ  chá»­i dÃ¢n Miá»n Nam xá»“n xá»“n , khÃ´ng cÃ³ vÄƒn hoÃ¡ ,..."
"miuchin.nail","M ThÃ­ch gÃ¢y war khÃ´ng,Há»“i A50 lÃ  cÃ¡c báº¡n cháº¿ giá»…u vÃ  chá»­i dÃ¢n Miá»n Nam xá»“n xá»“n , khÃ´ng cÃ³ vÄƒn hoÃ¡ ,..."
"nguyenale","Nhiá»u lÃºc tháº¥y ng Nháº­t tuÃ¢n thá»§ 1 cÃ¡ch mÃ¡y mÃ³c , cá»©ng nháº¯c,Nhiá»u lÃºc tháº¥y ng Nháº­t tuÃ¢n thá»§ 1 cÃ¡ch mÃ¡y mÃ³c , cá»©ng nháº¯c"
"_mar_8963","mang cÃ¡i vÄƒn hÃ³a khÃ´n lá»i dáº¡y ngÆ°á»i Nháº­t :)),Nhiá»u lÃºc tháº¥y ng Nháº­t tuÃ¢n thá»§ 1 cÃ¡ch mÃ¡y mÃ³c , cá»©ng nháº¯c"
"howard.7640","NhÃ¬n hÃ¬nh nÃ y liÃªn tÆ°á»Ÿng tá»›i Ä‘Æ°á»ng 2 chiá»u á»Ÿ VN. Káº¹t 1 cÃ¡i lÃ  xe nÃ³ lá»§i sang chiá»u cÃ²n láº¡i lÃ m xe chiá»u kia ko Ä‘i Ä‘Æ°á»£c tháº¿ lÃ  káº¹t máº¥y tiáº¿ng Ä‘á»“ng há»“. Giá» tháº±ng chá»§ thread nÃ y nÃ³i ngÆ°á»i ta cá»©ng nháº¯c. CÆ°á»i áº».,Nhiá»u lÃºc tháº¥y ng Nháº­t tuÃ¢n thá»§ 1 cÃ¡ch mÃ¡y mÃ³c , cá»©ng nháº¯c"
"captinh__","ThÃ  im cÃ²n hÆ¡n Ä‘Äƒng bÃ i ngu Ä‘á»ƒ ngta chá»­i,Nhiá»u lÃºc tháº¥y ng Nháº­t tuÃ¢n thá»§ 1 cÃ¡ch mÃ¡y mÃ³c , cá»©ng nháº¯c"
"drolyagmi","nhÆ°ng bÃªn lÃ n kia Ä‘á»ƒ lÃ m gÃ¬ mn,Nhiá»u lÃºc tháº¥y ng Nháº­t tuÃ¢n thá»§ 1 cÃ¡ch mÃ¡y mÃ³c , cá»©ng nháº¯c"
"the_real_tuan","mÃ y thanh hoÃ¡ hay nghá»‡ an ?,Nhiá»u lÃºc tháº¥y ng Nháº­t tuÃ¢n thá»§ 1 cÃ¡ch mÃ¡y mÃ³c , cá»©ng nháº¯c"
"trungctk10","TÃ´i á»Ÿ tokyo 4 nÄƒm chÆ°a gáº·p cáº£nh nÃ y bao giá», cháº¯c háº³n lÃ  trÆ°á»ng há»£p Ä‘áº·c biá»‡t pháº£i xáº¿p hÃ ng lÃªn tÃ u. Äá»c cmt nhiá»u Ä‘á»©a tá»± nhá»¥c tháº¿ kb ğŸ¤£ğŸ¤£ğŸ¤£,Nhiá»u lÃºc tháº¥y ng Nháº­t tuÃ¢n thá»§ 1 cÃ¡ch mÃ¡y mÃ³c , cá»©ng nháº¯c"
"nt.ken1","â€œ cÃ³ thá»ƒ tÃ¡ch con khá»‰ ra khá»i rá»«ng - nhÆ°ng ko thá»ƒ láº¥y khu rá»«ng khá»i Ã³c con khá»‰ â€œ CÃ¡i suy nghÄ© khÃ´n lá»i cá»§a báº¡n tháº­t mang tÃ­nh Ä‘áº¡i diá»‡n dÃ¢n tá»™c Ã¡ !,Nhiá»u lÃºc tháº¥y ng Nháº­t tuÃ¢n thá»§ 1 cÃ¡ch mÃ¡y mÃ³c , cá»©ng nháº¯c"
"acc_clone_dung_follow","None,Nhiá»u lÃºc tháº¥y ng Nháº­t tuÃ¢n thá»§ 1 cÃ¡ch mÃ¡y mÃ³c , cá»©ng nháº¯c"
"scarlett.2701","CÃ¡i nÃ y h lÃ  cá»§a t,Nhiá»u lÃºc tháº¥y ng Nháº­t tuÃ¢n thá»§ 1 cÃ¡ch mÃ¡y mÃ³c , cá»©ng nháº¯c"
"lieunhan.18","Thanh HoÃ¡ Nghá»‡ An hay HÃ  TÄ©nh nÃ³i Ä‘i,Nhiá»u lÃºc tháº¥y ng Nháº­t tuÃ¢n thá»§ 1 cÃ¡ch mÃ¡y mÃ³c , cá»©ng nháº¯c"
"ntt_08001","Xong ai cÅ©ng Ä‘i 2 bÃªn nhÆ° viÃªt nam lÃ  thÃ nh 2 bÃªn cÃ¹ng táº¯c,Nhiá»u lÃºc tháº¥y ng Nháº­t tuÃ¢n thá»§ 1 cÃ¡ch mÃ¡y mÃ³c , cá»©ng nháº¯c"
"q.datt","Ngu nhÆ° nÃ y Ä‘i Ä‘Ã¢u Ä‘á»«ng báº£o ng Viá»‡t lÃ  Ä‘Æ°á»£cğŸ™‚,Nhiá»u lÃºc tháº¥y ng Nháº­t tuÃ¢n thá»§ 1 cÃ¡ch mÃ¡y mÃ³c , cá»©ng nháº¯c"
"_moon.mung","Anh hung dá»¯ z anh =))),Nhiá»u lÃºc tháº¥y ng Nháº­t tuÃ¢n thá»§ 1 cÃ¡ch mÃ¡y mÃ³c , cá»©ng nháº¯c"
"q.datt","A hiá»n mÃ  ğŸ˜‚,Nhiá»u lÃºc tháº¥y ng Nháº­t tuÃ¢n thá»§ 1 cÃ¡ch mÃ¡y mÃ³c , cá»©ng nháº¯c"
"_moon.mung","Hong ai hiá»n mÃ  chá»­i z háº¿t trÆ¡n Ã¡ =)),Nhiá»u lÃºc tháº¥y ng Nháº­t tuÃ¢n thá»§ 1 cÃ¡ch mÃ¡y mÃ³c , cá»©ng nháº¯c"
"biotamtran","HÃ i hÆ°á»›c Nhiá»u ngÆ°á»i chÃª háº¡ táº§ng, cÆ¡ sá»Ÿ, an sinh xÃ£ há»™i á»Ÿ VN kÃ©m nhÆ°ng há» luÃ´n tÃ¬m cÃ¡ch trá»‘n thuáº¿, nÃ© thuáº¿ ... LÃ½ do lÃ  sá»£ ""Tham NhÅ©ng"" Váº­y há» khÃ¡c gÃ¬ nhá»¯ng ngÆ°á»i tham nhÅ©ng ngoÃ i kia,HÃ i hÆ°á»›c Nhiá»u ngÆ°á»i chÃª háº¡ táº§ng, cÆ¡ sá»Ÿ, an sinh xÃ£ há»™i á»Ÿ VN kÃ©m nhÆ°ng há» luÃ´n tÃ¬m cÃ¡ch trá»‘n thuáº¿, nÃ© thuáº¿ ... LÃ½ do lÃ  sá»£ ""Tham NhÅ©ng"" Váº­y há» khÃ¡c gÃ¬ nhá»¯ng ngÆ°á»i tham nhÅ©ng ngoÃ i kia"
"nobody_8_10","CÃ³ báº±ng chá»©ng hay thá»‘ng kÃª nÃ o chá»©ng minh nhá»¯ng ngÆ°á»i chÃª cÆ¡ sá»Ÿ háº¡ táº§ng VN vÃ  nhá»¯ng ngÆ°á»i trá»‘n thuáº¿ lÃ  1 khÃ´ng báº¡n :)),HÃ i hÆ°á»›c Nhiá»u ngÆ°á»i chÃª háº¡ táº§ng, cÆ¡ sá»Ÿ, an sinh xÃ£ há»™i á»Ÿ VN kÃ©m nhÆ°ng há» luÃ´n tÃ¬m cÃ¡ch trá»‘n thuáº¿, nÃ© thuáº¿ ... LÃ½ do lÃ  sá»£ ""Tham NhÅ©ng"" Váº­y há» khÃ¡c gÃ¬ nhá»¯ng ngÆ°á»i tham nhÅ©ng ngoÃ i kia"
"xuanhung3318","Ko cÃ³ báº±ng chá»©ng ko cÃ³ nghÄ©a nÃ³ khÃ´ng tá»“n táº¡i? Váº­y tÃ´i há»i ngÆ°á»£c báº¡n nhÃ© báº¡n cÃ³ cháº¯c cháº¯n khÃ´ng 1 ai cÃ³ tÆ° tÆ°á»Ÿng nhÆ° váº­y ko =))),HÃ i hÆ°á»›c Nhiá»u ngÆ°á»i chÃª háº¡ táº§ng, cÆ¡ sá»Ÿ, an sinh xÃ£ há»™i á»Ÿ VN kÃ©m nhÆ°ng há» luÃ´n tÃ¬m cÃ¡ch trá»‘n thuáº¿, nÃ© thuáº¿ ... LÃ½ do lÃ  sá»£ ""Tham NhÅ©ng"" Váº­y há» khÃ¡c gÃ¬ nhá»¯ng ngÆ°á»i tham nhÅ©ng ngoÃ i kia"
"nobody_8_10","MÃ¬nh nÃ³i â€œkhÃ´ng tá»“n táº¡iâ€ vÃ  â€œcháº¯c cháº¯n khÃ´ng má»™t aiâ€ chá»— nÃ o váº­y báº¡n :)) bá»‹a Ã ,HÃ i hÆ°á»›c Nhiá»u ngÆ°á»i chÃª háº¡ táº§ng, cÆ¡ sá»Ÿ, an sinh xÃ£ há»™i á»Ÿ VN kÃ©m nhÆ°ng há» luÃ´n tÃ¬m cÃ¡ch trá»‘n thuáº¿, nÃ© thuáº¿ ... LÃ½ do lÃ  sá»£ ""Tham NhÅ©ng"" Váº­y há» khÃ¡c gÃ¬ nhá»¯ng ngÆ°á»i tham nhÅ©ng ngoÃ i kia"
"xuanhung3318","ThÃ¬ tá»©c lÃ  nÃ³ cÃ³ tá»“n táº¡i váº­y thÃ¬ cÃ³ nháº¥t thiáº¿t cáº§n báº±ng chá»©ng nhÆ° báº¡n nÃ³i ban Ä‘áº§u khÃ´ng,HÃ i hÆ°á»›c Nhiá»u ngÆ°á»i chÃª háº¡ táº§ng, cÆ¡ sá»Ÿ, an sinh xÃ£ há»™i á»Ÿ VN kÃ©m nhÆ°ng há» luÃ´n tÃ¬m cÃ¡ch trá»‘n thuáº¿, nÃ© thuáº¿ ... LÃ½ do lÃ  sá»£ ""Tham NhÅ©ng"" Váº­y há» khÃ¡c gÃ¬ nhá»¯ng ngÆ°á»i tham nhÅ©ng ngoÃ i kia"
"quentin.express","Äáº¿n cÃ¡i tá»‘i thiá»ƒu lÃ  vá»‰a hÃ¨ cho ngÆ°á»i Ä‘i bá»™ cÃ²n khÃ´ng cÃ³, nhÆ°ng má»Ÿ miá»‡ng ra lÃªn tiáº¿ng lÃ  bá»n nÃ³ dá»i há»™ kháº©u qua Cali liá»n vÃ¬ nhÆ° váº­y lÃ  Ä‘ang chÃª Tá»• quá»‘c,HÃ i hÆ°á»›c Nhiá»u ngÆ°á»i chÃª háº¡ táº§ng, cÆ¡ sá»Ÿ, an sinh xÃ£ há»™i á»Ÿ VN kÃ©m nhÆ°ng há» luÃ´n tÃ¬m cÃ¡ch trá»‘n thuáº¿, nÃ© thuáº¿ ... LÃ½ do lÃ  sá»£ ""Tham NhÅ©ng"" Váº­y há» khÃ¡c gÃ¬ nhá»¯ng ngÆ°á»i tham nhÅ©ng ngoÃ i kia"
"thedarknight9604","Tháº­t ra ngÆ°á»i giÃ u má»›i tÃ¬m cÃ¡ch trá»‘n thuáº¿, chá»© ngÆ°á»i 1 Ä‘áº§u lÆ°Æ¡ng nhÆ° Ä‘a sá»‘ bá»n mÃ¬nh Ä‘Ã¢y thÃ¬ báº¡n trá»‘n kiá»ƒu gÃ¬? 1 lÃ  báº¡n ko bá»‹ Ä‘Ã¡nh thuáº¿ thu nháº­p vÃ¬ lÆ°Æ¡ng báº¡n tháº¥p, nhÆ°ng váº«n chá»‹u thuáº¿ tiÃªu dÃ¹ng 2 lÃ  lÆ°Æ¡ng báº¡n cao, nhÆ°ng báº¡n Ä‘i lÃ m cty thÃ¬ báº¡n muá»‘n nÃ© thuáº¿ cÅ©ng ko Ä‘Æ°á»£c NÃªn cÃ¡i chá»¯ â€œnhiá»u ngÆ°á»iâ€ á»Ÿ Ä‘Ã¢y cháº¯c báº¡n ko Ã¡m chá»‰ ngÆ°á»i lÃ m cÃ´ng Äƒn 1 Ä‘áº§u lÆ°Æ¡ng giá»‘ng chÃºng ta pháº£i k ğŸ¤£,HÃ i hÆ°á»›c Nhiá»u ngÆ°á»i chÃª háº¡ táº§ng, cÆ¡ sá»Ÿ, an sinh xÃ£ há»™i á»Ÿ VN kÃ©m nhÆ°ng há» luÃ´n tÃ¬m cÃ¡ch trá»‘n thuáº¿, nÃ© thuáº¿ ... LÃ½ do lÃ  sá»£ ""Tham NhÅ©ng"" Váº­y há» khÃ¡c gÃ¬ nhá»¯ng ngÆ°á»i tham nhÅ©ng ngoÃ i kia"
"nguyentttam88","LÆ°Æ¡ng cÆ¡ báº£n quÃ¡ tháº¥p so vá»›i nhu cáº§u chi tiÃªu tá»‘i thiá»ƒu thÃ¬ Ä‘Ã o Ä‘Ã¢u ra thuáº¿ mÃ  thu,HÃ i hÆ°á»›c Nhiá»u ngÆ°á»i chÃª háº¡ táº§ng, cÆ¡ sá»Ÿ, an sinh xÃ£ há»™i á»Ÿ VN kÃ©m nhÆ°ng há» luÃ´n tÃ¬m cÃ¡ch trá»‘n thuáº¿, nÃ© thuáº¿ ... LÃ½ do lÃ  sá»£ ""Tham NhÅ©ng"" Váº­y há» khÃ¡c gÃ¬ nhá»¯ng ngÆ°á»i tham nhÅ©ng ngoÃ i kia"
"ngocquy92","Sao báº¡n lÆ°Æ¡ng tháº¥p váº­y?? LÃ  do nhÃ  nÆ°á»›c hay do báº£n thÃ¢n báº¡n??? Xong rá»“i than trÃ¡ch,HÃ i hÆ°á»›c Nhiá»u ngÆ°á»i chÃª háº¡ táº§ng, cÆ¡ sá»Ÿ, an sinh xÃ£ há»™i á»Ÿ VN kÃ©m nhÆ°ng há» luÃ´n tÃ¬m cÃ¡ch trá»‘n thuáº¿, nÃ© thuáº¿ ... LÃ½ do lÃ  sá»£ ""Tham NhÅ©ng"" Váº­y há» khÃ¡c gÃ¬ nhá»¯ng ngÆ°á»i tham nhÅ©ng ngoÃ i kia"
"thieugiataichinh","DÃ¢n VN mÃ , nÃ³i má»™t Ä‘Æ°á»ng lÃ m má»™t náº»o, nÃ³ lÃ  tÃ­nh cÃ¡ch dÃ¢n tá»™c chá»© cÃ³ gÃ¬ báº¥t ngá», hÃ i hÆ°á»›c.,HÃ i hÆ°á»›c Nhiá»u ngÆ°á»i chÃª háº¡ táº§ng, cÆ¡ sá»Ÿ, an sinh xÃ£ há»™i á»Ÿ VN kÃ©m nhÆ°ng há» luÃ´n tÃ¬m cÃ¡ch trá»‘n thuáº¿, nÃ© thuáº¿ ... LÃ½ do lÃ  sá»£ ""Tham NhÅ©ng"" Váº­y há» khÃ¡c gÃ¬ nhá»¯ng ngÆ°á»i tham nhÅ©ng ngoÃ i kia"
"sphin1210","Dá»‘t,HÃ i hÆ°á»›c Nhiá»u ngÆ°á»i chÃª háº¡ táº§ng, cÆ¡ sá»Ÿ, an sinh xÃ£ há»™i á»Ÿ VN kÃ©m nhÆ°ng há» luÃ´n tÃ¬m cÃ¡ch trá»‘n thuáº¿, nÃ© thuáº¿ ... LÃ½ do lÃ  sá»£ ""Tham NhÅ©ng"" Váº­y há» khÃ¡c gÃ¬ nhá»¯ng ngÆ°á»i tham nhÅ©ng ngoÃ i kia"
"4000tuan","Báº¡n cáº£m nghÄ© gÃ¬ khi nhÃ¬n nhá»¯ng hÃ¬nh áº£nh vui chÆ¡i cá»§a cÃ¡c báº¡n lÃ  con lÃ  chÃ¡u cá»§a nhá»¯ng quan chá»©c tham nhÅ©ng, tham Ã´, bÃ²n rÃºt tiá»n thuáº¿, lÅ©ng Ä‘oáº¡n chÃ­nh sÃ¡ch cá»§a quá»‘c gia...?,Báº¡n cáº£m nghÄ© gÃ¬ khi nhÃ¬n nhá»¯ng hÃ¬nh áº£nh vui chÆ¡i cá»§a cÃ¡c báº¡n lÃ  con lÃ  chÃ¡u cá»§a nhá»¯ng quan chá»©c tham nhÅ©ng, tham Ã´, bÃ²n rÃºt tiá»n thuáº¿, lÅ©ng Ä‘oáº¡n chÃ­nh sÃ¡ch cá»§a quá»‘c gia...?"
"arne_vvad","Ai Ä‘Ã³ lÃ  chÃ¡u cá»§a quan chá»©c hiá»‡n kinh doanh Ä‘á»“ng há»“ cao cáº¥p khÃ´ng cáº§n Ä‘Ã³ng thuáº¿ vs 1 sá»‘ ngÃ nh hÃ ng khÃ¡c vÃ  chÃºng nÃ³ kÃªu lÃ  ""chá»‰ cáº§n lÃ  con chÃ¡u cá»§a ngÆ°á»i Ä‘Ã³ thÃ¬ lÃ m gÃ¬ cÅ©ng Ä‘Æ°á»£c"" ğŸ¤£ğŸ¤£ nÃ³i tháº­t chá»© cÃ¡i tÆ° duy nÃ´ bá»™c, tháº§n quyá»n cá»§a dÃ¢n VN nÃ³ Äƒn sÃ¢u vÃ o thÃ¢m cÄƒn cá»‘ Ä‘áº¿ rá»“i. CÃ³ tháº¿ cÃ³ ná»¯a thÃ¬ cÅ©ng mÃ£i nhÆ° váº­y thÃ´i,Báº¡n cáº£m nghÄ© gÃ¬ khi nhÃ¬n nhá»¯ng hÃ¬nh áº£nh vui chÆ¡i cá»§a cÃ¡c báº¡n lÃ  con lÃ  chÃ¡u cá»§a nhá»¯ng quan chá»©c tham nhÅ©ng, tham Ã´, bÃ²n rÃºt tiá»n thuáº¿, lÅ©ng Ä‘oáº¡n chÃ­nh sÃ¡ch cá»§a quá»‘c gia...?"
"mnbv31597","ThÃ´i Ã´ng im máº¹ má»“m Ä‘i! Ngta buÃ´n bÃ¡n chá»© cÃ³ ná»‘i nghiá»‡p con Ã´ng chÃ¡u cha nhÆ° Bush cha Bush con Ä‘Ã¢u mÃ  ghen Äƒn tá»©c á»Ÿ! Ká»ƒ cáº£ ngta ko lÃ m gÃ¬ thÃ¬ 110 triá»‡u dÃ¢n VN bá»n tao (trá»« mÃ y ra) cháº³ng láº½ ko lo Ä‘c cho má»™t vÃ i ngÆ°á»i con chÃ¡u khai quá»‘c cÃ´ng tháº§n?!,Báº¡n cáº£m nghÄ© gÃ¬ khi nhÃ¬n nhá»¯ng hÃ¬nh áº£nh vui chÆ¡i cá»§a cÃ¡c báº¡n lÃ  con lÃ  chÃ¡u cá»§a nhá»¯ng quan chá»©c tham nhÅ©ng, tham Ã´, bÃ²n rÃºt tiá»n thuáº¿, lÅ©ng Ä‘oáº¡n chÃ­nh sÃ¡ch cá»§a quá»‘c gia...?"
"linhh_29_04","Cháº£ cáº£m nghÄ© j cáº£. Náº¿u cÃ³ thÃ¬ lÃ  mÃ¬nh cÅ©ng pháº£i cá»‘ Ä‘á»ƒ tham nhÅ©ng Ä‘Æ°á»£c nhiá»u nhÆ° váº­y. Sá»‘ng cho mÃ¬nh trÆ°á»›c Ä‘Ã£ ğŸ¤£ chÃ­nh trá»±c rá»“i cÅ©ng lÃ m culi cho tham quan nÃ³ hÃºt tá»§y,Báº¡n cáº£m nghÄ© gÃ¬ khi nhÃ¬n nhá»¯ng hÃ¬nh áº£nh vui chÆ¡i cá»§a cÃ¡c báº¡n lÃ  con lÃ  chÃ¡u cá»§a nhá»¯ng quan chá»©c tham nhÅ©ng, tham Ã´, bÃ²n rÃºt tiá»n thuáº¿, lÅ©ng Ä‘oáº¡n chÃ­nh sÃ¡ch cá»§a quá»‘c gia...?"
"qunvd162","NÃ³i chung táº¡i khÃ´ng Ä‘á»›p Ä‘Æ°á»£c nhÆ° chÃºng nÃ³ nÃªn tháº¥y ghen tá»‹=)) chá»© táº§m doanh nghiá»‡p lá»£i Ã­ch nhÃ³m chung thÃ¬ tháº¥y bth,Báº¡n cáº£m nghÄ© gÃ¬ khi nhÃ¬n nhá»¯ng hÃ¬nh áº£nh vui chÆ¡i cá»§a cÃ¡c báº¡n lÃ  con lÃ  chÃ¡u cá»§a nhá»¯ng quan chá»©c tham nhÅ©ng, tham Ã´, bÃ²n rÃºt tiá»n thuáº¿, lÅ©ng Ä‘oáº¡n chÃ­nh sÃ¡ch cá»§a quá»‘c gia...?"
"lavier781999","Biáº¿t khi ghen tá»‹ Ä‘Æ°á»£c Ä‘áº©y lÃªn cao nháº¥t thÃ¬ há»‡ quáº£ lÃ  gÃ¬ khÃ´ng :) P/s: lÃ m cÃ¡ch máº¡ng cÅ©ng lÃ  má»™t cÃ¡ch Ä‘á»ƒ chá»‰ sá»± ghen tá»‹ Ä‘Ã³ :),Báº¡n cáº£m nghÄ© gÃ¬ khi nhÃ¬n nhá»¯ng hÃ¬nh áº£nh vui chÆ¡i cá»§a cÃ¡c báº¡n lÃ  con lÃ  chÃ¡u cá»§a nhá»¯ng quan chá»©c tham nhÅ©ng, tham Ã´, bÃ²n rÃºt tiá»n thuáº¿, lÅ©ng Ä‘oáº¡n chÃ­nh sÃ¡ch cá»§a quá»‘c gia...?"
"qunvd162","ThÃ¬ cÅ©ng nhÆ° 3 que thÃ´i=))) ngÆ°á»i ngu Ä‘i lÃ m cÃ¡ch máº¡ng,Báº¡n cáº£m nghÄ© gÃ¬ khi nhÃ¬n nhá»¯ng hÃ¬nh áº£nh vui chÆ¡i cá»§a cÃ¡c báº¡n lÃ  con lÃ  chÃ¡u cá»§a nhá»¯ng quan chá»©c tham nhÅ©ng, tham Ã´, bÃ²n rÃºt tiá»n thuáº¿, lÅ©ng Ä‘oáº¡n chÃ­nh sÃ¡ch cá»§a quá»‘c gia...?"
"lavier781999","3 que lÃ  gÃ¬?,Báº¡n cáº£m nghÄ© gÃ¬ khi nhÃ¬n nhá»¯ng hÃ¬nh áº£nh vui chÆ¡i cá»§a cÃ¡c báº¡n lÃ  con lÃ  chÃ¡u cá»§a nhá»¯ng quan chá»©c tham nhÅ©ng, tham Ã´, bÃ²n rÃºt tiá»n thuáº¿, lÅ©ng Ä‘oáº¡n chÃ­nh sÃ¡ch cá»§a quá»‘c gia...?"
"duavamun","SÃ¡ng ra Ä‘Ã£ chÆ¡i Ä‘Ã¡ rá»“i???,Báº¡n cáº£m nghÄ© gÃ¬ khi nhÃ¬n nhá»¯ng hÃ¬nh áº£nh vui chÆ¡i cá»§a cÃ¡c báº¡n lÃ  con lÃ  chÃ¡u cá»§a nhá»¯ng quan chá»©c tham nhÅ©ng, tham Ã´, bÃ²n rÃºt tiá»n thuáº¿, lÅ©ng Ä‘oáº¡n chÃ­nh sÃ¡ch cá»§a quá»‘c gia...?"
"4000tuan","Ã báº¡n lÃ  váº­y?,Báº¡n cáº£m nghÄ© gÃ¬ khi nhÃ¬n nhá»¯ng hÃ¬nh áº£nh vui chÆ¡i cá»§a cÃ¡c báº¡n lÃ  con lÃ  chÃ¡u cá»§a nhá»¯ng quan chá»©c tham nhÅ©ng, tham Ã´, bÃ²n rÃºt tiá»n thuáº¿, lÅ©ng Ä‘oáº¡n chÃ­nh sÃ¡ch cá»§a quá»‘c gia...?"
"tellmewhaty0uwant","NgÃ¡o,Báº¡n cáº£m nghÄ© gÃ¬ khi nhÃ¬n nhá»¯ng hÃ¬nh áº£nh vui chÆ¡i cá»§a cÃ¡c báº¡n lÃ  con lÃ  chÃ¡u cá»§a nhá»¯ng quan chá»©c tham nhÅ©ng, tham Ã´, bÃ²n rÃºt tiá»n thuáº¿, lÅ©ng Ä‘oáº¡n chÃ­nh sÃ¡ch cá»§a quá»‘c gia...?"
"kimnguyen05021992","M cÃ³ hÃ¬nh áº£nh thÃ¬ pháº£i tung lÃªn chá»© nÃ³i má»“m sao mÃ  nghe Ä‘c?,Báº¡n cáº£m nghÄ© gÃ¬ khi nhÃ¬n nhá»¯ng hÃ¬nh áº£nh vui chÆ¡i cá»§a cÃ¡c báº¡n lÃ  con lÃ  chÃ¡u cá»§a nhá»¯ng quan chá»©c tham nhÅ©ng, tham Ã´, bÃ²n rÃºt tiá»n thuáº¿, lÅ©ng Ä‘oáº¡n chÃ­nh sÃ¡ch cá»§a quá»‘c gia...?"
"4000tuan","Báº¡n náº¿u Ä‘Ã£ tháº¥y thÃ¬ cÃ³ thá»ƒ nÃªu cáº£m nghÄ©, náº¿u chÆ°a tháº¥y thÃ¬ cÃ³ thá»ƒ bá» qua thÃ´i.,Báº¡n cáº£m nghÄ© gÃ¬ khi nhÃ¬n nhá»¯ng hÃ¬nh áº£nh vui chÆ¡i cá»§a cÃ¡c báº¡n lÃ  con lÃ  chÃ¡u cá»§a nhá»¯ng quan chá»©c tham nhÅ©ng, tham Ã´, bÃ²n rÃºt tiá»n thuáº¿, lÅ©ng Ä‘oáº¡n chÃ­nh sÃ¡ch cá»§a quá»‘c gia...?"
"kimnguyen05021992","NghÄ©a lÃ  m Ä‘ang nÃ³i nhÆ°ng ko cÃ³ cÄƒn cá»©?,Báº¡n cáº£m nghÄ© gÃ¬ khi nhÃ¬n nhá»¯ng hÃ¬nh áº£nh vui chÆ¡i cá»§a cÃ¡c báº¡n lÃ  con lÃ  chÃ¡u cá»§a nhá»¯ng quan chá»©c tham nhÅ©ng, tham Ã´, bÃ²n rÃºt tiá»n thuáº¿, lÅ©ng Ä‘oáº¡n chÃ­nh sÃ¡ch cá»§a quá»‘c gia...?"
"4000tuan","Trong cÃ¢u há»i khÃ´ng cÃ³ nghÄ©a vá»¥ pháº£i minh hoáº¡ hay minh chá»©ng cho Ä‘iá»u Ä‘Æ°á»£c há»i. Kiá»ƒu nhÆ° cÃ¢u há»i ""Báº¡n cáº£m nghÄ© gÃ¬ khi Ä‘Æ°á»£c sá»‘ng?"",Báº¡n cáº£m nghÄ© gÃ¬ khi nhÃ¬n nhá»¯ng hÃ¬nh áº£nh vui chÆ¡i cá»§a cÃ¡c báº¡n lÃ  con lÃ  chÃ¡u cá»§a nhá»¯ng quan chá»©c tham nhÅ©ng, tham Ã´, bÃ²n rÃºt tiá»n thuáº¿, lÅ©ng Ä‘oáº¡n chÃ­nh sÃ¡ch cá»§a quá»‘c gia...?"
"kimnguyen05021992","LÃ  há»i ngu áº¥y háº£,Báº¡n cáº£m nghÄ© gÃ¬ khi nhÃ¬n nhá»¯ng hÃ¬nh áº£nh vui chÆ¡i cá»§a cÃ¡c báº¡n lÃ  con lÃ  chÃ¡u cá»§a nhá»¯ng quan chá»©c tham nhÅ©ng, tham Ã´, bÃ²n rÃºt tiá»n thuáº¿, lÅ©ng Ä‘oáº¡n chÃ­nh sÃ¡ch cá»§a quá»‘c gia...?"
"trangdoantd","Má»i ngÆ°á»i nghÄ© Ä‘Æ°á»£c Äƒn phá»Ÿ dÆ°á»›i Ã¡nh náº¯ng lÃ  bÃ¬nh thÆ°á»ng. NhÆ°ng Ä‘á»ƒ Äƒn Ä‘Æ°á»£c bÃ¡t phá»Ÿ nÃ y thÃ¬ cÃ³ ngÆ°á»i pháº£i tráº£ láº¡i cáº£ chá»¥c nghÃ¬n tá»· Ä‘á»“ng ğŸ˜— ChÃºc má»«ng BÃ¡c Quyáº¿t ra tÃ¹. Hy vá»ng BÃ¡c Ä‘iá»u hÃ nh hÃ£ng bay vÃ  ná»— lá»±c khÃ´i phá»¥c táº­p Ä‘oÃ n FLC trá»Ÿ láº¡i máº¡nh máº½ hÆ¡n nhÃ©!,Má»i ngÆ°á»i nghÄ© Ä‘Æ°á»£c Äƒn phá»Ÿ dÆ°á»›i Ã¡nh náº¯ng lÃ  bÃ¬nh thÆ°á»ng. NhÆ°ng Ä‘á»ƒ Äƒn Ä‘Æ°á»£c bÃ¡t phá»Ÿ nÃ y thÃ¬..."
"trangdoantd","Cá»™ng Ä‘á»“ng chÃ©m giÃ³ vá» tÃ i chÃ­nh á»Ÿ Ä‘Ã¢y nha cÃ¡c báº£nh ğŸ‘‡ğŸ‘‡ https://zalo.me/g/oqijeo882,Má»i ngÆ°á»i nghÄ© Ä‘Æ°á»£c Äƒn phá»Ÿ dÆ°á»›i Ã¡nh náº¯ng lÃ  bÃ¬nh thÆ°á»ng. NhÆ°ng Ä‘á»ƒ Äƒn Ä‘Æ°á»£c bÃ¡t phá»Ÿ nÃ y thÃ¬..."
"jackwu90","vcl sao bá»¯a tiÃªn lÆ°á»£ng xáº¥u mÃ  nay ra tÃ¹ Äƒn phá»Ÿ r :))) kkeek,Má»i ngÆ°á»i nghÄ© Ä‘Æ°á»£c Äƒn phá»Ÿ dÆ°á»›i Ã¡nh náº¯ng lÃ  bÃ¬nh thÆ°á»ng. NhÆ°ng Ä‘á»ƒ Äƒn Ä‘Æ°á»£c bÃ¡t phá»Ÿ nÃ y thÃ¬..."
"naav.eel","á»¦a há»i ngÆ¡ tÃ­ áº¡. Lá»«a Ä‘áº£o, tham nhÅ©ng vÃ o tÃ¹ cÃ¡i ná»™p kháº¯c phá»¥c sá»‘ tiá»n Ä‘Ã£ láº¥y rÃ¹i ra tÃ¹ váº­y Ã¡ hÃ . Váº­y cá»© lÃ m sai bá»‹ phÃ¡t hiá»‡n thÃ¬ ná»™p kháº¯c phá»¥c mÃ  ko phÃ¡t hiá»‡n thÃ¬ coi nhÆ° hÃªnnn. Ngá»™ ha!!!!,Má»i ngÆ°á»i nghÄ© Ä‘Æ°á»£c Äƒn phá»Ÿ dÆ°á»›i Ã¡nh náº¯ng lÃ  bÃ¬nh thÆ°á»ng. NhÆ°ng Ä‘á»ƒ Äƒn Ä‘Æ°á»£c bÃ¡t phá»Ÿ nÃ y thÃ¬..."
"ship365.com.vn","Dm tháº¿ cÃ²n bao nhiÃªu ng cháº¿t vÃ¬ chá»©ng khoÃ¡n flc thÃ¬ sao phá»§i tay luÃ´n ah,Má»i ngÆ°á»i nghÄ© Ä‘Æ°á»£c Äƒn phá»Ÿ dÆ°á»›i Ã¡nh náº¯ng lÃ  bÃ¬nh thÆ°á»ng. NhÆ°ng Ä‘á»ƒ Äƒn Ä‘Æ°á»£c bÃ¡t phá»Ÿ nÃ y thÃ¬..."
"lienhoang1000","NhÃ¬n Ã´ng Quyáº¿t nÃ y da dáº» há»“ng hÃ o máº¡nh khoáº», váº­y mÃ  vÃ i thÃ¡ng trÆ°á»›c máº¥y bÃ i bÃ¡o Ä‘Äƒng sá»©c khoáº» cá»§a Ã´ng nÃ y Ä‘ang nguy ká»‹châ€¦NÃªn khÃ¡n giáº£ hay nÃ³i máº¥y tay bÃ¡o nÃ y lÃ  bá»“i bÃºt,Má»i ngÆ°á»i nghÄ© Ä‘Æ°á»£c Äƒn phá»Ÿ dÆ°á»›i Ã¡nh náº¯ng lÃ  bÃ¬nh thÆ°á»ng. NhÆ°ng Ä‘á»ƒ Äƒn Ä‘Æ°á»£c bÃ¡t phá»Ÿ nÃ y thÃ¬..."
"mobil.mobil.9619","Sao báº£o ung thÆ° sáº¯p cháº¿t , lÃ²ng tham lÃ  vÃ´ Ä‘Ã¡y , cÃ¡i j nÃ³ lÃ  báº£n cháº¥t lÃ  k thay Ä‘á»•i Ä‘c ğŸ˜Œ,Má»i ngÆ°á»i nghÄ© Ä‘Æ°á»£c Äƒn phá»Ÿ dÆ°á»›i Ã¡nh náº¯ng lÃ  bÃ¬nh thÆ°á»ng. NhÆ°ng Ä‘á»ƒ Äƒn Ä‘Æ°á»£c bÃ¡t phá»Ÿ nÃ y thÃ¬..."
"thu4161thu","Quyáº¿t cÃ²i, cÅ©ng gáº§n Ä‘áº¥t xa trá»i rá»“i ğŸ¤£ğŸ¤£,Má»i ngÆ°á»i nghÄ© Ä‘Æ°á»£c Äƒn phá»Ÿ dÆ°á»›i Ã¡nh náº¯ng lÃ  bÃ¬nh thÆ°á»ng. NhÆ°ng Ä‘á»ƒ Äƒn Ä‘Æ°á»£c bÃ¡t phá»Ÿ nÃ y thÃ¬..."
"giang_co_la","Khi bÃ¡c Ä‘i nhÃ  bÃ¡c á»Ÿ vÄ©nh phÃºc ,khi bÃ¡c vá» nhÃ  bÃ¡c chuyá»ƒn vá» phÃº thá»,Má»i ngÆ°á»i nghÄ© Ä‘Æ°á»£c Äƒn phá»Ÿ dÆ°á»›i Ã¡nh náº¯ng lÃ  bÃ¬nh thÆ°á»ng. NhÆ°ng Ä‘á»ƒ Äƒn Ä‘Æ°á»£c bÃ¡t phá»Ÿ nÃ y thÃ¬..."
"thang_ng555","HÃ´m trÆ°á»›c xuá»‘ng xe á»Ÿ ngÃµ tÃ´n tháº¥t thiá»‡p . NhÃ¬n Ä‘Ãºng má»‹a r . K sai Ä‘c .,Má»i ngÆ°á»i nghÄ© Ä‘Æ°á»£c Äƒn phá»Ÿ dÆ°á»›i Ã¡nh náº¯ng lÃ  bÃ¬nh thÆ°á»ng. NhÆ°ng Ä‘á»ƒ Äƒn Ä‘Æ°á»£c bÃ¡t phá»Ÿ nÃ y thÃ¬..."
"ship365.com.vn","Dm tháº¿ cÃ²n bao nhiÃªu ng cháº¿t vÃ¬ chá»©ng khoÃ¡n flc thÃ¬ sao phá»§i tay luÃ´n ah,Má»i ngÆ°á»i nghÄ© Ä‘Æ°á»£c Äƒn phá»Ÿ dÆ°á»›i Ã¡nh náº¯ng lÃ  bÃ¬nh thÆ°á»ng. NhÆ°ng Ä‘á»ƒ Äƒn Ä‘Æ°á»£c bÃ¡t phá»Ÿ nÃ y thÃ¬..."
"haiihaii196","Tháº¥y tuyÃªn 7 nÄƒm mÃ  Ä‘Ã£ ra Ä‘Ã¢u nhá»‰,Má»i ngÆ°á»i nghÄ© Ä‘Æ°á»£c Äƒn phá»Ÿ dÆ°á»›i Ã¡nh náº¯ng lÃ  bÃ¬nh thÆ°á»ng. NhÆ°ng Ä‘á»ƒ Äƒn Ä‘Æ°á»£c bÃ¡t phá»Ÿ nÃ y thÃ¬..."
"crouch306","Dm vÃ¢n chÆ°a cháº¿t nhá»‰ ?,Má»i ngÆ°á»i nghÄ© Ä‘Æ°á»£c Äƒn phá»Ÿ dÆ°á»›i Ã¡nh náº¯ng lÃ  bÃ¬nh thÆ°á»ng. NhÆ°ng Ä‘á»ƒ Äƒn Ä‘Æ°á»£c bÃ¡t phá»Ÿ nÃ y thÃ¬..."
"atomtranvn","A cuoi tuoi quÃ¡,Má»i ngÆ°á»i nghÄ© Ä‘Æ°á»£c Äƒn phá»Ÿ dÆ°á»›i Ã¡nh náº¯ng lÃ  bÃ¬nh thÆ°á»ng. NhÆ°ng Ä‘á»ƒ Äƒn Ä‘Æ°á»£c bÃ¡t phá»Ÿ nÃ y thÃ¬..."
"tinhdaukhongphai232004","Tuá»•i gÃ¬ mÃ  lÃ  bÃ¡c,Má»i ngÆ°á»i nghÄ© Ä‘Æ°á»£c Äƒn phá»Ÿ dÆ°á»›i Ã¡nh náº¯ng lÃ  bÃ¬nh thÆ°á»ng. NhÆ°ng Ä‘á»ƒ Äƒn Ä‘Æ°á»£c bÃ¡t phá»Ÿ nÃ y thÃ¬..."
"rangvang3","Báº¡n mÃ¬nh Äƒn chá»™m hai con vá»‹t Ä‘i 8 nÄƒm chÆ°a vá»,Má»i ngÆ°á»i nghÄ© Ä‘Æ°á»£c Äƒn phá»Ÿ dÆ°á»›i Ã¡nh náº¯ng lÃ  bÃ¬nh thÆ°á»ng. NhÆ°ng Ä‘á»ƒ Äƒn Ä‘Æ°á»£c bÃ¡t phá»Ÿ nÃ y thÃ¬..."
"stoner.duy","vÄƒn cá»§a ngÆ°á»i Viá»‡t khi nÃ³i vá» tham nhÅ©ng: ""tham nhÅ©ng thÃ¬ á»Ÿ Ä‘Ã¢u cháº³ng cÃ³"" Ä‘iá»ƒn hÃ¬nh cá»§a tÆ° duy ""ngÆ°á»i khÃ¡c khÃ´ng lÃ m Ä‘Æ°á»£c mÃ¬nh khÃ´ng lÃ m Ä‘Æ°á»£c lÃ  bÃ¬nh thÆ°á»ng"",vÄƒn cá»§a ngÆ°á»i Viá»‡t khi nÃ³i vá» tham nhÅ©ng: ""tham nhÅ©ng thÃ¬ á»Ÿ Ä‘Ã¢u cháº³ng cÃ³"" Ä‘iá»ƒn hÃ¬nh cá»§a tÆ°..."
"linkink01","Tao Ä‘á»‘ mÃ y pháº£n biá»‡n Ä‘Æ°á»£c cÃ¢u ""tham nhÅ©ng thÃ¬ á»Ÿ Ä‘Ã¢u cháº³ng cÃ³ Ä‘áº¥y"" :)),vÄƒn cá»§a ngÆ°á»i Viá»‡t khi nÃ³i vá» tham nhÅ©ng: ""tham nhÅ©ng thÃ¬ á»Ÿ Ä‘Ã¢u cháº³ng cÃ³"" Ä‘iá»ƒn hÃ¬nh cá»§a tÆ°..."
"vtt_2502","TrÃ­ch lá»i BÃ¡c Trá»ng:""báº£n lÄ©nh chÃ­nh trá»‹ anh tá»‘t, anh khÃ´ng bá»‹ Ä‘á»©a nÃ o lÃ´i kÃ©o thÃ¬ lÃ m gÃ¬ mÃ  tham nhÅ©ng"", ngÆ°á»i tháº­t viá»‡c tháº­t mÃ  cá»© cho tham nhÅ©ng lÃ  báº£n cháº¥t, lÃ  hiá»ƒn nhiÃªn CÅ©ng vÃ¬ cÃ¡i tÆ° duy nÃ y nÃªn cÃ ng ngÃ y tham nhÅ©ng cÃ ng nhiá»u áº¥y chá»©,vÄƒn cá»§a ngÆ°á»i Viá»‡t khi nÃ³i vá» tham nhÅ©ng: ""tham nhÅ©ng thÃ¬ á»Ÿ Ä‘Ã¢u cháº³ng cÃ³"" Ä‘iá»ƒn hÃ¬nh cá»§a tÆ°..."
"samatha.larsen.cole","NÆ°á»›c ngoÃ i cÅ©ng cÃ³ tham nhÅ©ng, nhÆ°ng ngÆ°á»i ta cÃ³ vá»— ngá»±c tá»± hÃ o Há»c táº­p vÃ  lÃ m theo táº¥m gÆ°Æ¡ng Ä‘áº¡o Ä‘á»©c Há»“ ChÃ­ Minh ko? NgÆ°á»i ta cÃ³ tháº¥m nhuáº§n tÆ° tÆ°á»Ÿng CÃ¡ch Máº¡ng ko? Äáº£ng viÃªn nÆ°á»›c ta Ä‘Æ°á»£c Ä‘Ã o táº¡o nhá»¯ng tÆ° tÆ°á»Ÿng ""Ä‘á»‰nh cao trÃ­ tuá»‡"" thÃ¬ pháº£i khÃ¡c chá»©, sao mÃ  so sÃ¡nh vá»›i bá»n nhÃ¢n cÃ¡ch tá»“i tá»‡ Ä‘Ã³ Ä‘Æ°á»£c. Trá»« khi Äáº£ng thá»«a nháº­n Äáº£ng tuyÃªn truyá»n vÃ  Ä‘Ã o táº¡o xáº¡o lÃ¡o Ä‘i rá»“i hÃ£y so sÃ¡nh,vÄƒn cá»§a ngÆ°á»i Viá»‡t khi nÃ³i vá» tham nhÅ©ng: ""tham nhÅ©ng thÃ¬ á»Ÿ Ä‘Ã¢u cháº³ng cÃ³"" Ä‘iá»ƒn hÃ¬nh cá»§a tÆ°..."
"noisy_film","NÃ³i nhÆ° cáº·c áº¥y a áº¡. A cÃ³ Ä‘Æ°á»£c dáº¡y lÃ  sáº½ cÆ°á»›p cá»§a giet ngÆ°á»i khÃ´ng, cÃ³ Ä‘Æ°á»£c dáº¡y lÃ  lá»«a dá»‘i cÃ¡c kiá»ƒu khÃ´ng ? MÃ  sao váº«n cÃ³ tá»‰ lá»‡ pháº¡m tá»™i tháº¿ ? CÃ¡i gÃ¬ ra cÃ¡i Ä‘Ã³, sai thÃ¬ chá»‹u pháº¡t, láº¡i láº¥y lá»—i cÃ¡ nhÃ¢n Ä‘i Ä‘Ã¡nh giÃ¡ toÃ n bá»™ Äáº£ng, ai dáº¡y anh láº­p luáº­n nhÆ° cac váº­y :)))),vÄƒn cá»§a ngÆ°á»i Viá»‡t khi nÃ³i vá» tham nhÅ©ng: ""tham nhÅ©ng thÃ¬ á»Ÿ Ä‘Ã¢u cháº³ng cÃ³"" Ä‘iá»ƒn hÃ¬nh cá»§a tÆ°..."
"venhuynh1120","ThÃ¬ Ä‘Ãºng mÃ , quan trá»ng lÃ  Ã­t hay nhiá»u thÃ´i,Ã­t thÃ¬ bÃ¬nh thÆ°á»ng cÃ²n nhiá»u má»›i báº¥t thÆ°á»ng.,vÄƒn cá»§a ngÆ°á»i Viá»‡t khi nÃ³i vá» tham nhÅ©ng: ""tham nhÅ©ng thÃ¬ á»Ÿ Ä‘Ã¢u cháº³ng cÃ³"" Ä‘iá»ƒn hÃ¬nh cá»§a tÆ°..."
"tuanna_ins","Giá»‘ng nhÆ° báº£o ""ung thÆ° á»Ÿ Ä‘Ã¢u cÅ©ng cÃ³"" rá»“i tá»« chá»‘i Ä‘iá»u trá»‹, hoáº·c ""nhÃ  nÃ o cÅ©ng cÃ³ chuá»™t"" rá»“i má»i chuá»™t lÃªn giÆ°á»ng ngá»§ chung. Singapore cÃ³ chuá»™t nhÆ°ng báº«y ká»¹, ta thÃ¬ tháº£ chuá»™t cháº¡y rÃ´ng rá»“i an á»§i nhau ""bÃ¬nh thÆ°á»ng mÃ "". Thá»±c cháº¥t: CÃ¢u tháº§n chÃº Ä‘á»ƒ biáº¿n náº¡n nhÃ¢n thÃ nh Ä‘á»“ng lÃµa - káº» Äƒn cáº¯p nháº¹ nhÃµm, ngÆ°á»i bá»‹ Äƒn cáº¯p tá»± an á»§i, vÃ  há»‡ thá»‘ng cá»© tháº¿ mÃ ... ""bÃ¬nh thÆ°á»ng"". Báº¡n áº¡, dÃ¹ng tá»« ngá»¯ thÃ¬ cho nÃ³ chÃ­nh xÃ¡c cáº©n tháº­n lÃ  1, láº¥y vÃ­ dá»¥ rÃµ rÃ ng cÃ³ sá»‘ liá»‡u lÃ  2, khÃ´ng quy chá»¥p lÃ  3,vÄƒn cá»§a ngÆ°á»i Viá»‡t khi nÃ³i vá» tham nhÅ©ng: ""tham nhÅ©ng thÃ¬ á»Ÿ Ä‘Ã¢u cháº³ng cÃ³"" Ä‘iá»ƒn hÃ¬nh cá»§a tÆ°..."
"phucboicuto","""NgÆ°á»i ta Äƒn má»©t Ä‘Æ°á»£c thÃ¬ mÃ¬nh cÅ©ng Äƒn Ä‘Æ°á»£c má»©t."",vÄƒn cá»§a ngÆ°á»i Viá»‡t khi nÃ³i vá» tham nhÅ©ng: ""tham nhÅ©ng thÃ¬ á»Ÿ Ä‘Ã¢u cháº³ng cÃ³"" Ä‘iá»ƒn hÃ¬nh cá»§a tÆ°..."
"mnbv31597","LHQ cÃ²n lÃ  cÃ¡i á»• tham nhÅ©ng kÃ¬a! NÃ³i â€œá»Ÿ Ä‘Ã¢u cháº³ng cÃ³ tham nhÅ©ngâ€ nÃ³ hoÃ n toÃ n ko Ä‘á»“ng nghÄ©a vá»›i â€œtham nhÅ©ng lÃ  bÃ¬nh thÆ°á»ngâ€,vÄƒn cá»§a ngÆ°á»i Viá»‡t khi nÃ³i vá» tham nhÅ©ng: ""tham nhÅ©ng thÃ¬ á»Ÿ Ä‘Ã¢u cháº³ng cÃ³"" Ä‘iá»ƒn hÃ¬nh cá»§a tÆ°..."
"soontobed34","NhÆ°ng mÃ  má»¥c Ä‘Ã­ch cá»§a nÃ³i cÃ¢u Ä‘Ã³ lÃ  gÃ¬? Cá»‘ bÃ¬nh thÆ°á»ng hÃ³a tham nhÅ©ng?,vÄƒn cá»§a ngÆ°á»i Viá»‡t khi nÃ³i vá» tham nhÅ©ng: ""tham nhÅ©ng thÃ¬ á»Ÿ Ä‘Ã¢u cháº³ng cÃ³"" Ä‘iá»ƒn hÃ¬nh cá»§a tÆ°..."
"hieunguyenretoucher","Láº¡i máº¥y chÃ¡u du há»c,vÄƒn cá»§a ngÆ°á»i Viá»‡t khi nÃ³i vá» tham nhÅ©ng: ""tham nhÅ©ng thÃ¬ á»Ÿ Ä‘Ã¢u cháº³ng cÃ³"" Ä‘iá»ƒn hÃ¬nh cá»§a tÆ°..."
"tan_tan5167","Ã nÃ³ ráº±ng á»Ÿ má»¹ cÅ©ng tham nhÅ©ng nhÆ° triá»u tiÃªn thÃ¬ láº¥y Ä‘Ã©o gÃ¬ chÃª, Ä‘áº¥y Ä‘áº¥y kiá»ƒu áº¥y. Há»i con Ä‘Ä© máº¹ nÃ³ thÃ­ch sá»‘ng 1 quá»‘c gia dc quyá»n cáº¥t lÃªn tiáº¿ng nÃ³i, dc cÃ³ Ä‘á»“ Äƒn thá»‹t cÃ¡ Ä‘áº§y Ä‘á»§, con cÃ¡i dc sá»‘ng trong 1 mÃ´i trÆ°á»ng tá»± do Ä‘áº§y Ä‘á»§ tiá»‡n nghi hay thÃ­ch sá»‘ng trong 1 nÆ¡i m pháº£i ngáº­m cÃ¡i há»ng chá»‰ biáº¿t ca ngá»£i gia Ä‘Ã¬nh nÃ o kia, Äƒn thÃ¬ cÆ¡m Ä‘á»™n khoai Ä‘á»§ no lÃ  dc, tá»›i tá»‘i cÃºp Ä‘iá»‡n ngá»§ sá»›m chÆ¡i thÃ¬ chÆ¡i quanh nhÃ  ai cho m lÃªn máº¡ng coi yt chÆ¡i game? HÃ³ng máº¥y con bÃ² náº¿u cÃ³ kiáº¿p sau t lÃ  ngÆ°á»i triá»u tiÃªn,vÄƒn cá»§a ngÆ°á»i Viá»‡t khi nÃ³i vá» tham nhÅ©ng: ""tham nhÅ©ng thÃ¬ á»Ÿ Ä‘Ã¢u cháº³ng cÃ³"" Ä‘iá»ƒn hÃ¬nh cá»§a tÆ°..."
"senseihikaru","Ngu hay chÆ¡i Ä‘á»“ mÃ  nÃ³i Triá»u TiÃªn Äƒn cÆ¡m Ä‘á»™n khoai? Tá»‘i cÃºp Ä‘iá»‡n ngá»§ sá»›m? Äi Triá»u TiÃªn chÆ°a mÃ  phÃ¡n nhÆ° mÃ¡ mÃ y Ä‘áº» trÆ°á»›c nÄƒm 45 váº­y?,vÄƒn cá»§a ngÆ°á»i Viá»‡t khi nÃ³i vá» tham nhÅ©ng: ""tham nhÅ©ng thÃ¬ á»Ÿ Ä‘Ã¢u cháº³ng cÃ³"" Ä‘iá»ƒn hÃ¬nh cá»§a tÆ°..."
"phihongthai","hihi, bá»n tham nhÅ©ng bao che cho nhau,vÄƒn cá»§a ngÆ°á»i Viá»‡t khi nÃ³i vá» tham nhÅ©ng: ""tham nhÅ©ng thÃ¬ á»Ÿ Ä‘Ã¢u cháº³ng cÃ³"" Ä‘iá»ƒn hÃ¬nh cá»§a tÆ°..."
"_manhhtrii_","CÃ¡c bá»‘ cá»© nÃ³i má»“m vá»›i nhau nhma Ä‘áº¿n lÃºc báº£o nghÄ© ra giáº£i phÃ¡p Ä‘á»ƒ háº¡n cháº¿ tham nhÅ©ng thÃ¬ láº·n máº¥t tÄƒm =)))),vÄƒn cá»§a ngÆ°á»i Viá»‡t khi nÃ³i vá» tham nhÅ©ng: ""tham nhÅ©ng thÃ¬ á»Ÿ Ä‘Ã¢u cháº³ng cÃ³"" Ä‘iá»ƒn hÃ¬nh cá»§a tÆ°..."
"jesyysus.88","Bá»Ÿi váº­y chÃºng nÃ³ coi tham nhÅ©ng lÃ  Ä‘iá»u bÃ¬nh thÆ°á»ng,vÄƒn cá»§a ngÆ°á»i Viá»‡t khi nÃ³i vá» tham nhÅ©ng: ""tham nhÅ©ng thÃ¬ á»Ÿ Ä‘Ã¢u cháº³ng cÃ³"" Ä‘iá»ƒn hÃ¬nh cá»§a tÆ°..."
"chequoclong","NhÃ  hÃ¡t opera 1.500 tá»·, táº¡i quáº­n 2, TpHCM. MÆ¡ Æ°á»›c vá» má»™t táº§ng lá»›p tinh anh, biáº¿t thÆ°á»Ÿng thá»©c nháº¡c thÃ­nh phÃ²ng vÃ  khÃ´ng tham nhÅ©ng ğŸ˜€. Cuá»‘i cÃ¹ng chá»‰ cÃ³ má»™t Ä‘Ã¡m tinh ranh (ma) vÃ  Ä‘á»‘ng gáº¡ch vá»¥n. áº¢nh chá»¥p tá»« quáº­n 1.,NhÃ  hÃ¡t opera 1.500 tá»·, táº¡i quáº­n 2, TpHCM. MÆ¡ Æ°á»›c vá» má»™t táº§ng lá»›p tinh anh, biáº¿t thÆ°á»Ÿng thá»©c..."
"tuanlee101","CÃ³ Ä‘áº¥t nc mÃ©o nÃ o ko tham nhÅ©ng =)) . XÃ¢y dá»±ng cÅ©ng lÃ  táº¡o cÃ´ng Äƒn viá»‡c lÃ m cho nhiá»u ngÆ°á»i . Chá»© tiá»n VNÄ ra ngoÃ i Ä‘Ã¢u cÃ³ giÃ¡ trá»‹ mÃ  pháº£i cÄƒng tháº³ng nhá»‰ . Chá»‰ cáº§n khÃ´ng in bá»«a gÃ¢y láº¡m phÃ¡t . Tháº¥y anh cÅ©ng lá»›n tuá»•i mÃ  sao 3que tháº¿ ;)),NhÃ  hÃ¡t opera 1.500 tá»·, táº¡i quáº­n 2, TpHCM. MÆ¡ Æ°á»›c vá» má»™t táº§ng lá»›p tinh anh, biáº¿t thÆ°á»Ÿng thá»©c..."
"nv.thuongg","cÃ¡i nÃ y lÃ  trung tÃ¢m triá»…n lÃ m quy hoáº¡ch chá»© lÃ m Ä‘Ã©o gÃ¬ pháº£i nhÃ  hÃ¡t. TrÆ°á»›c khi muá»‘n chá»­i cÅ©ng pháº£i tÃ¬m hiá»ƒu ká»¹ vÃ o, khÃ´ng ngÆ°á»i ta láº¡i báº£o vá»«a giÃ  vá»«a ngu,NhÃ  hÃ¡t opera 1.500 tá»·, táº¡i quáº­n 2, TpHCM. MÆ¡ Æ°á»›c vá» má»™t táº§ng lá»›p tinh anh, biáº¿t thÆ°á»Ÿng thá»©c..."
"nkg.2410.vn","Biáº¿t cáº·c gÃ¬ Ä‘Ã¢u ğŸ¤«ğŸ¤« phÃ¡n bá»«a lÃ  giá»i :)),NhÃ  hÃ¡t opera 1.500 tá»·, táº¡i quáº­n 2, TpHCM. MÆ¡ Æ°á»›c vá» má»™t táº§ng lá»›p tinh anh, biáº¿t thÆ°á»Ÿng thá»©c..."
"victor.gbao","Dáº¡ anh Æ¡i, anh dá»‹ch cÃ¡i camera qua bÃªn trÃ¡i sáº½ tháº¥y nhÃ  hÃ¡t nÃ³ náº±m trÆ°á»›c dá»± Ã¡n The Opera, cáº¡nh cáº§u Ba Son. Hiá»‡n táº¡i khu Ä‘áº¥t Ä‘ang Ä‘Æ°á»£c táº­n dá»¥ng lÃ m sÃ¢n thá»ƒ thao, Äƒn uá»‘ng vÃ  há»™i chá»£. CÃ²n cÃ¡i â€œÄ‘á»‘ng gáº¡ch vá»¥nâ€ lÃ  trung tÃ¢m triá»ƒn lÃ£m quy hoáº¡ch nhÃ©.,NhÃ  hÃ¡t opera 1.500 tá»·, táº¡i quáº­n 2, TpHCM. MÆ¡ Æ°á»›c vá» má»™t táº§ng lá»›p tinh anh, biáº¿t thÆ°á»Ÿng thá»©c..."
"onew2409","Tháº¥u Ä‘Ã¡o vÃ  cÃ³ hiá»ƒu biáº¿t ğŸ˜ŒğŸ˜Œ,NhÃ  hÃ¡t opera 1.500 tá»·, táº¡i quáº­n 2, TpHCM. MÆ¡ Æ°á»›c vá» má»™t táº§ng lá»›p tinh anh, biáº¿t thÆ°á»Ÿng thá»©c..."
"victor.gbao","Pháº£i má»Ÿ mang tá»›i v má»›i chÆ¡i Ä‘Æ°á»£c vs Ã” New ğŸ˜ŒğŸ˜Œ,NhÃ  hÃ¡t opera 1.500 tá»·, táº¡i quáº­n 2, TpHCM. MÆ¡ Æ°á»›c vá» má»™t táº§ng lá»›p tinh anh, biáº¿t thÆ°á»Ÿng thá»©c..."
"buiben","TrÆ°á»›c xÃ¢y cho bá»n tham nhÅ©ng coi..mÃ  giá» báº¯t nhiá»u quÃ¡...ko ai tham nhÅ©ng Ä‘á»§ Ä‘á»ƒ coi nÃªn dá»«ng láº¡i rá»“i,NhÃ  hÃ¡t opera 1.500 tá»·, táº¡i quáº­n 2, TpHCM. MÆ¡ Æ°á»›c vá» má»™t táº§ng lá»›p tinh anh, biáº¿t thÆ°á»Ÿng thá»©c..."
"nnguyen.vo","NhÃ  hÃ¡t nÃ o cÃ¡i nÃ y? ÄÃ³ lÃ  trung tÃ¢m triá»…n lÃ£m!,NhÃ  hÃ¡t opera 1.500 tá»·, táº¡i quáº­n 2, TpHCM. MÆ¡ Æ°á»›c vá» má»™t táº§ng lá»›p tinh anh, biáº¿t thÆ°á»Ÿng thá»©c..."
"lifeblue.ipaintred","Trung tÃ¢m triá»…n lÃ£m mÃ  ba :))) lÃº,NhÃ  hÃ¡t opera 1.500 tá»·, táº¡i quáº­n 2, TpHCM. MÆ¡ Æ°á»›c vá» má»™t táº§ng lá»›p tinh anh, biáº¿t thÆ°á»Ÿng thá»©c..."
"yaa.wuan_02",":))) giÃ  Ä‘áº§u ngu nhÆ° bÃ²,NhÃ  hÃ¡t opera 1.500 tá»·, táº¡i quáº­n 2, TpHCM. MÆ¡ Æ°á»›c vá» má»™t táº§ng lá»›p tinh anh, biáº¿t thÆ°á»Ÿng thá»©c..."
"nguyenmanh.trung.3","Chá»‘ng tham nhÅ©ng lÃ  viá»‡c cá»§a nhÃ  nÆ°á»›c nhÃ©, dÃ¢n Ä‘en mÃ  Ã½ kiáº¿n lÃ  thÃ nh 3/ ngay :))),NhÃ  hÃ¡t opera 1.500 tá»·, táº¡i quáº­n 2, TpHCM. MÆ¡ Æ°á»›c vá» má»™t táº§ng lá»›p tinh anh, biáº¿t thÆ°á»Ÿng thá»©c..."
"d00fenschmirtz","Äá»‹t máº¹ m sang má»¹ nÃ³ cÃ²n há»‘c ná»¯a lÃ ,NhÃ  hÃ¡t opera 1.500 tá»·, táº¡i quáº­n 2, TpHCM. MÆ¡ Æ°á»›c vá» má»™t táº§ng lá»›p tinh anh, biáº¿t thÆ°á»Ÿng thá»©c..."
"meo.huy.3133","Og giÃ  nhá» nÃ o z dáº¯t á»•g dá» Ä‘i, bá»‹ lÃ£ng trÃ­ gÃ²i lÃªn máº¡ng nÃ³i tÃ¹m lum,NhÃ  hÃ¡t opera 1.500 tá»·, táº¡i quáº­n 2, TpHCM. MÆ¡ Æ°á»›c vá» má»™t táº§ng lá»›p tinh anh, biáº¿t thÆ°á»Ÿng thá»©c..."
"longlp0106","DÃ¢n oan Thá»§ ThiÃªm bá»‹ cÆ°á»›p Ä‘áº¥t, cÆ°á»›p nhÃ  Ä‘áº§y nhÃ³c. Cá»© ngá»¡ qua phÃ  Thá»§ ThiÃªm 1 vÃ¹ng Ä‘áº¥t trÅ©ng toÃ n ruá»™ng sáº½ yÃªn á»•n nÃ o ngá»£ bá»n vÆ°á»£n khá»‰ Ä‘á»™t hang pacpo váº«n mÃ² qua tá»›i !,NhÃ  hÃ¡t opera 1.500 tá»·, táº¡i quáº­n 2, TpHCM. MÆ¡ Æ°á»›c vá» má»™t táº§ng lá»›p tinh anh, biáº¿t thÆ°á»Ÿng thá»©c..."
"lil.zwongg","Tháº±ng 3 que Ä‘Ã£ ngu cÃ²n thÃ­ch tuyÃªn truyá»n. Khai tháº­t Ä‘i mÃ y thuá»™c tá»• chá»©c nÃ o,NhÃ  hÃ¡t opera 1.500 tá»·, táº¡i quáº­n 2, TpHCM. MÆ¡ Æ°á»›c vá» má»™t táº§ng lá»›p tinh anh, biáº¿t thÆ°á»Ÿng thá»©c..."
"thuan.truongvan1967","Sinh viÃªn Philippines biá»ƒu tÃ¬nh pháº£n Ä‘á»‘i tham nhÅ©ng cá»§a chÃ­nh phá»§ sau Nepal Gen-Z,Sinh viÃªn Philippines biá»ƒu tÃ¬nh pháº£n Ä‘á»‘i tham nhÅ©ng cá»§a chÃ­nh phá»§ sau Nepal Gen-Z"
"tisfall","ÄÃ´ng LÃ o tham nhÅ©ng hÃ ng Ä‘áº§u tháº¿ giá»›i, biá»ƒu tÃ¬nh coi cong an quÃ¢n Ä‘á»™i cá»™ng sáº£n nÃ³ tÃ n báº¡o ntn?,Sinh viÃªn Philippines biá»ƒu tÃ¬nh pháº£n Ä‘á»‘i tham nhÅ©ng cá»§a chÃ­nh phá»§ sau Nepal Gen-Z"
"quocanh12c","TÃ´i cháº¡ tin. Philippin Ä‘a Ä‘áº£ng mÃ . ÄÃ¢u pháº£i 1 Ä‘áº£ng Ä‘á»™c tÃ i cai trá»‹. LÆ°u Ã½ lÃ  nepan cÅ©ng Ä‘a Ä‘áº£ng. TÃ´i cháº¡ tin á»Ÿ nepan cÃ³ tham nhÅ©ng Ä‘Ã¢u!!! Háº¹ háº¹,Sinh viÃªn Philippines biá»ƒu tÃ¬nh pháº£n Ä‘á»‘i tham nhÅ©ng cá»§a chÃ­nh phá»§ sau Nepal Gen-Z"
"daily.mitcynnies_","bá»™ bá»n nÃ y Ã­t bÃ i táº­p vá» nhÃ  quÃ¡ háº£, sinh viÃªn VN mÃ¬nh cÃ³ tháº¥y Ä‘á»©a nÃ o ráº£nh lÃ m máº¥y trÃ² nÃ y Ä‘Ã¢u, cáº£m Æ¡n cÃ¡c tháº§y cÃ´ Ä‘Ã£ giao dl Ä‘áº§y Ä‘á»§ Ä‘á»ƒ k ai ráº£nh hÆ¡i lÃ m ba cÃ¡i trÃ² mÃ¨o nÃ y,Sinh viÃªn Philippines biá»ƒu tÃ¬nh pháº£n Ä‘á»‘i tham nhÅ©ng cá»§a chÃ­nh phá»§ sau Nepal Gen-Z"
"leepham061379","Hi vong se den sv tre Vietnam. Yeu dat nuoc Vietnam chu dung bao gio tiep tay cho bon tham nhung hai dan.,Sinh viÃªn Philippines biá»ƒu tÃ¬nh pháº£n Ä‘á»‘i tham nhÅ©ng cá»§a chÃ­nh phá»§ sau Nepal Gen-Z"
"kenvil89","Cáº§n ngay ThiÃªn An mÃ´n á»Ÿ cÃ¡c nÆ°á»›c,Sinh viÃªn Philippines biá»ƒu tÃ¬nh pháº£n Ä‘á»‘i tham nhÅ©ng cá»§a chÃ­nh phá»§ sau Nepal Gen-Z"
"daonhukhuong","Äa Ä‘áº£ng sao tham nhÅ©ng nhiá»u tháº¿ khÃ´ng biáº¿t,Sinh viÃªn Philippines biá»ƒu tÃ¬nh pháº£n Ä‘á»‘i tham nhÅ©ng cá»§a chÃ­nh phá»§ sau Nepal Gen-Z"
"fleenew","Tin cÃ³ tháº­t. Sinh viÃªn Philippines tháº­t mÃ£nh máº½, Ä‘Ã£ Ä‘á»©ng lÃªn Ä‘áº¥u tranh chá»‘ng tham nhÅ©ng rá»“i. CÃ¡m Æ¡n Nepal Ä‘Ã£ tiáº¿p lá»­a.,Sinh viÃªn Philippines biá»ƒu tÃ¬nh pháº£n Ä‘á»‘i tham nhÅ©ng cá»§a chÃ­nh phá»§ sau Nepal Gen-Z"
"trantuan6579","TUYÃŠÌ£T VÆ Ì€I ! TÃ”I ÄAÌƒ MONG TIÌ€NH TRAÌ£NG DÃ‚N á» CAÌC NÆ¯Æ ÌC NHIÌ€N NHÃ‚Ì£N RA NHIÃŠÌ€U VÃ‚ÌN ÄÃŠÌ€ NHIÃŠÌ€U CHIÃŠÌ€U VAÌ€ ÄUÌNG RA ÄÃ‚ÌU TRANH GÃ‚Ì€N 1/4 THÃŠÌ Ká»ˆ TRÆ¯Æ ÌC, NHÆ¯NG MONG NÄ‚M 2025 MÃŠÌ£NH HOÌ‰A NÃ”Ì‰ RA CAÌC CÆ N TUYÃŠÌ£T VOÌ£NG ÄOÌ KHI DÃ‚N KHÃ”NG THÃ‚ÌY CÃ”NG BÄ‚Ì€NG KHÃ”NG TIN VAÌ€O NHÆ¯ÌƒNG LÆ Ì€I HÆ¯ÌA SUÃ”NG MIÌ£ DÃ‚N CUÌ‰A NHAÌ€ CÃ‚Ì€M QUYÃŠÌ€N NÆ¯ÌƒA...ğŸ¤£,Sinh viÃªn Philippines biá»ƒu tÃ¬nh pháº£n Ä‘á»‘i tham nhÅ©ng cá»§a chÃ­nh phá»§ sau Nepal Gen-Z"
"1crusher.26","bÃ¡c lÃ m trÆ°á»›c Ä‘i nÃ³i Ã­t thÃ´i, chÃºt e qua ra chá»¥p áº£nh tÃ­ mua nÆ°á»›c cho tiáº¿p sá»©c, dÃ¹ sao nay lÃ  CN,Sinh viÃªn Philippines biá»ƒu tÃ¬nh pháº£n Ä‘á»‘i tham nhÅ©ng cá»§a chÃ­nh phá»§ sau Nepal Gen-Z"
"tranan02062018","ChÃ¢u Ã¡ Ä‘ang trá»Ÿ thÃ nh Ä‘iá»ƒm nÃ³ng Ä‘Ã¡ng lo ngáº¡i,Sinh viÃªn Philippines biá»ƒu tÃ¬nh pháº£n Ä‘á»‘i tham nhÅ©ng cá»§a chÃ­nh phá»§ sau Nepal Gen-Z"
"tv.lavender","Genz tÆ° tÆ°á»Ÿng má»›i tá»‘t cÃ³ nhiá»u sá»± tiáº¿n bá»™ nhÆ°ng vá» chÃ­nh trá»‹ vÃ  náº¯m giá»¯ 1 Ä‘áº¥t nÆ°á»›c thÃ¬ sáº½ ráº¥t nguy hiá»ƒm vÃ¬ chÆ°a cÃ³ Ä‘á»§ kinh nghiá»‡m vÃ  sá»± hiá»ƒu biáº¿t sÃ¢u rá»™ng vá» tÃ¬nh hÃ¬nh. Minh chá»©ng rÃµ nÃ©t cho sá»± non ná»›t trong chÃ­nh trá»‹ lÃ  UK nÃ³ khiáº¿n Ä‘áº¥t nÆ°á»›c báº¥t á»•n nhÆ° tháº¿ nÃ o.,Sinh viÃªn Philippines biá»ƒu tÃ¬nh pháº£n Ä‘á»‘i tham nhÅ©ng cá»§a chÃ­nh phá»§ sau Nepal Gen-Z"
"long_thinh1122","Cháº¯c háº¿t gáº¡o rÃ²i,Sinh viÃªn Philippines biá»ƒu tÃ¬nh pháº£n Ä‘á»‘i tham nhÅ©ng cá»§a chÃ­nh phá»§ sau Nepal Gen-Z"
"tramkhituong_stuu","ToÃ n cÃ¡c nÆ°á»›c xung quanh TQ báº¡o Ä‘á»™ng, láº¡i Ä‘i Ä‘á»• cho Máº½o lÃ m ğŸ˜¹.,Sinh viÃªn Philippines biá»ƒu tÃ¬nh pháº£n Ä‘á»‘i tham nhÅ©ng cá»§a chÃ­nh phá»§ sau Nepal Gen-Z"
"thetruongsmsl2","Má»¥c Ä‘Ã­ch cá»§a phÆ°Æ¡ng tÃ¢y khi muá»‘n Ä‘a Ä‘áº£ng lÃ  Ä‘á»ƒ lÃ m gÃ¬, Ä‘á»ƒ Ä‘áº¥u Ä‘Ã¡ ná»™i bá»™, tranh giÃ nh lá»£i Ã­ch, thÃºc Ä‘áº©y mua chuá»™c Ä‘á»ƒ gÃ¢y báº¡o loáº¡n, báº¥t á»•n xh á»Ÿ Ä‘áº¥t nÆ°á»›c há» muá»‘n, sau Ä‘áº¥y lÃ  Ä‘áº¥t nc Ä‘Ã³ sáº½ rÆ¡i vÃ o há»—n loáº¡n, dÃ¢n nghÃ¨o vs 1 chÃ­nh quyá»n do phÆ°Æ¡ng tÃ¢y háº«u thuáº«n sáº½ Ä‘á»©ng lÃªn cÃ¹ng vá»›i sá»± ban Æ¡i cá»§a máº«u quá»‘c xuáº¥t hiá»‡n nhÆ° 1 vá»‹ anh hÃ¹ng giáº£i cá»©u Ä‘áº¥t nÆ°á»›c khá»i sá»± há»—n loáº¡n ğŸ˜‚ vs tháº¿ lÃ  há» Ä‘áº¡t Ä‘c má»¥c Ä‘Ã­ch thay Ä‘á»•i cháº¿ Ä‘á»™ vs kiá»ƒm soÃ¡t 1 nÆ°á»›c theo Ã½ há», Ä‘iá»u Ä‘Ã³ sáº½ khÃ³ cÃ³ thá»ƒ sáº£y ra á»Ÿ VN ğŸ¤£,Sinh viÃªn Philippines biá»ƒu tÃ¬nh pháº£n Ä‘á»‘i tham nhÅ©ng cá»§a chÃ­nh phá»§ sau Nepal Gen-Z"
"anhanh1115679","VN á»§ng há»™ tham nhÅ©ng nÃªn ko cáº§n biá»ƒu tÃ¬nh. Chá»‰ cáº§n cÃ³ diá»…u binh 1212 lÃ  Ä‘Æ°á»£c rá»“i,Sinh viÃªn Philippines biá»ƒu tÃ¬nh pháº£n Ä‘á»‘i tham nhÅ©ng cá»§a chÃ­nh phá»§ sau Nepal Gen-Z"
"pinkchilinggg","â€œ M ngÆ°á»i TH Ã ?â€ Chá»‘i tÄ‘n Ä‘Æ°á»£c ğŸ˜‡ğŸ˜‡,â€œ M ngÆ°á»i TH Ã ?â€ Chá»‘i tÄ‘n Ä‘Æ°á»£c ğŸ˜‡ğŸ˜‡"
"pinkchilinggg","Ã” dá»• Ã´i Ä‘Äƒng cho vui ai biáº¿t viral xong máº¥y mÃ¡ vÃ o cmt chá»­i gÃ¬ áº¥y,ai pbvm cÅ©ng cÃ³ Ä‘á»c Ä‘Ã¢u chá»­i ai nghe. CÃ²n t cÃ³ chá»‘i Ä‘Ã¢u trá»i??? T tháº¥y trÃ¹ng há»£p vÃ  tá»± hÃ o t má»›i up ğŸ˜Œ,â€œ M ngÆ°á»i TH Ã ?â€ Chá»‘i tÄ‘n Ä‘Æ°á»£c ğŸ˜‡ğŸ˜‡"
"long_daox","trÆ°á»›c cÅ©ng khÃ´ng kÃ¬ thá»‹ Thanh HoÃ¡ Ä‘Ã¢u máº·c dÃ¹ tÃ´i quÃª quÃ¡n Nghá»‡ An. Há»“i Ä‘áº¥y khoáº£ng cáº¥p 1, cáº¥p 2 tÃ´i há»i bá»‘ bá»‘ cá»© kÃªu â€œSau nÃ y lá»›n lÃªn khÃ´ng giao lÆ°u, káº¿t báº¡n, lÃ m Äƒn gÃ¬ vá»›i ngÆ°á»i Thanh HoÃ¡. Cá»© gáº·p chÃºng nÃ³ thÃ¬ trÃ¡nh cÃ ng xa thÃ¬ cÃ ng tá»‘t cho mÃ¬nh thÃ´i.â€ tÃ´i cÅ©ng khÃ¡ tÃ² mÃ² tháº¯c máº¯c thÃ¬ tÃ´i cÅ©ng há»i anh há» cÃ¢u tÆ°Æ¡ng tá»± thÃ¬ anh cÅ©ng kÃªu â€œSau gáº·p Thanh HoÃ¡ thÃ¬ trÃ¡nh cho lÃ nh, ko tá»‘t Ä‘áº¹p gÃ¬ Ä‘Ã¢u. Lá»›n lÃªn Long sáº½ tá»± hiá»ƒuâ€. Rá»“i sau khi lÃªn cáº¥p 3 rá»“i Ä‘áº¡i há»c tá»•ng káº¿t tÃ´i gáº·p 8 ngÆ°á»i Thanh HoÃ¡ thÃ¬ cÃ³ 1 Ä‘á»©a,â€œ M ngÆ°á»i TH Ã ?â€ Chá»‘i tÄ‘n Ä‘Æ°á»£c ğŸ˜‡ğŸ˜‡"
"yuying25_","Äá»©a nÃ o Ä‘ dÃ¡m nháº­n quÃª Thanh HoÃ¡ thÃ¬ Ä‘á»ƒ t nháº­n, cá»© lÃ m nhÆ° cÃ¡c tá»‰nh khÃ¡c khÃ´ng cÃ³ ngÆ°á»i xáº¥u Ã½ğŸ˜‚,â€œ M ngÆ°á»i TH Ã ?â€ Chá»‘i tÄ‘n Ä‘Æ°á»£c ğŸ˜‡ğŸ˜‡"
"_cutehehe_0","Sao mn kÃ¬ thá»‹ thanh hoÃ¡ v nhá»‰, toi chÆ¡i ff cÃ³ 1 báº¡n á»Ÿ thanh hoÃ¡. B ká»ƒ lÃºc nÃ o cÅ©ng bá»‹ kick xong bá»‹ cno nÃ³i ngÆ°á»i thanh hoÃ¡:)) tháº¥y tá»™i vch chÆ¡i vá»›i nÃ³ dc 5 thÃ¡ng rá»“i vui vcut tiáº¿p xÃºc qua Ä‘t kh nÃ³i háº¿t Ä‘iá»u gÃ¬ nhma b Ä‘Ã³ toi tháº¥y tá»‘t tháº­tğŸ¤£,â€œ M ngÆ°á»i TH Ã ?â€ Chá»‘i tÄ‘n Ä‘Æ°á»£c ğŸ˜‡ğŸ˜‡"
"phamvanhung02","TÃ¬m Ä‘á»ƒ bulol nÃ³ Ã  m,â€œ M ngÆ°á»i TH Ã ?â€ Chá»‘i tÄ‘n Ä‘Æ°á»£c ğŸ˜‡ğŸ˜‡"
"pinkchilinggg","???,â€œ M ngÆ°á»i TH Ã ?â€ Chá»‘i tÄ‘n Ä‘Æ°á»£c ğŸ˜‡ğŸ˜‡"
"ducanh_2190","cÃ³ gÃ¬ Ä‘Ã¢u mÃ  pháº£i ngáº¡i b Æ¡i :)),â€œ M ngÆ°á»i TH Ã ?â€ Chá»‘i tÄ‘n Ä‘Æ°á»£c ğŸ˜‡ğŸ˜‡"
"anhtayy2005","Thá» XuÃ¢n áº¡aaa,â€œ M ngÆ°á»i TH Ã ?â€ Chá»‘i tÄ‘n Ä‘Æ°á»£c ğŸ˜‡ğŸ˜‡"
"nghip_005","Ã”ke,â€œ M ngÆ°á»i TH Ã ?â€ Chá»‘i tÄ‘n Ä‘Æ°á»£c ğŸ˜‡ğŸ˜‡"
"_chinn.ahh","Thá» XuÃ¢n háº£=)),â€œ M ngÆ°á»i TH Ã ?â€ Chá»‘i tÄ‘n Ä‘Æ°á»£c ğŸ˜‡ğŸ˜‡"
"nvt21122","Háº­u lá»™c - Thanh HÃ³a chÃ o báº¡n nhÃ©,â€œ M ngÆ°á»i TH Ã ?â€ Chá»‘i tÄ‘n Ä‘Æ°á»£c ğŸ˜‡ğŸ˜‡"
"lign.27","TÃ¬m mÃ£i má»›i tháº¥y Háº­u Lá»™c kk,â€œ M ngÆ°á»i TH Ã ?â€ Chá»‘i tÄ‘n Ä‘Æ°á»£c ğŸ˜‡ğŸ˜‡"
"hutieumuc_12","ÄÃ£ báº¯c kÃ¬ láº¡i cÃ²n thanh hoÃ¡,â€œ M ngÆ°á»i TH Ã ?â€ Chá»‘i tÄ‘n Ä‘Æ°á»£c ğŸ˜‡ğŸ˜‡"
"tuansaco.tdbd","Thanh hoÃ¡ thÃ¬ cÃ³ ls Ä‘Ã¢u. Sao láº¡i pháº£i chá»‘i nhá»‰,â€œ M ngÆ°á»i TH Ã ?â€ Chá»‘i tÄ‘n Ä‘Æ°á»£c ğŸ˜‡ğŸ˜‡"
"leeeethu_08","36 chÃ o nhe,â€œ M ngÆ°á»i TH Ã ?â€ Chá»‘i tÄ‘n Ä‘Æ°á»£c ğŸ˜‡ğŸ˜‡"
"cye38318","Viá»‡c xáº¥u á»Ÿ Báº¯c => chá»­i Báº¯c Viá»‡c xáº¥u á»Ÿ Trung => chá»­i Báº¯c Viá»‡c xáº¥u á»Ÿ Nam => chá»­i Báº¯c => Táº¥t cáº£ lÃ  táº¡i miá»n Báº¯c,Viá»‡c xáº¥u á»Ÿ Báº¯c => chá»­i Báº¯c Viá»‡c xáº¥u á»Ÿ Trung => chá»­i Báº¯c Viá»‡c xáº¥u á»Ÿ Nam => chá»­i..."
"paigele_gint","LÃ m viá»‡c xáº¥u giá»ng miá»n báº¯c => Báº£n cháº¥t tá»¥i nÃ³ tháº¿ LÃ m viá»‡c xáº¥u giá»ng miá»n khÃ¡c => Gá»‘c Báº¯c, Báº¯c 54, ....,Viá»‡c xáº¥u á»Ÿ Báº¯c => chá»­i Báº¯c Viá»‡c xáº¥u á»Ÿ Trung => chá»­i Báº¯c Viá»‡c xáº¥u á»Ÿ Nam => chá»­i..."
"anhminh9123","DÃ¢n HÃ  Ná»™i sai->chá»­i dÃ¢n HÃ  Ná»™i DÃ¢n khÃ¡c chÃª dÃ¢n HÃ  Ná»™i->Äáº¿ch care DÃ¢n HÃ  Ná»™i chÃª->thÆ°á»£ng Ä‘áº³ng,ngÃ¡o mÃ¡c thá»§ Ä‘Ã´:)),Viá»‡c xáº¥u á»Ÿ Báº¯c => chá»­i Báº¯c Viá»‡c xáº¥u á»Ÿ Trung => chá»­i Báº¯c Viá»‡c xáº¥u á»Ÿ Nam => chá»­i..."
"ntz.dat","NÃ y háº£,Viá»‡c xáº¥u á»Ÿ Báº¯c => chá»­i Báº¯c Viá»‡c xáº¥u á»Ÿ Trung => chá»­i Báº¯c Viá»‡c xáº¥u á»Ÿ Nam => chá»­i..."
"huhi7969","buá»“n hÆ¡n khi Ä‘a pháº§n ng phÃ¢n biá»‡t lÃ  dÃ¢n miá»n nam,Viá»‡c xáº¥u á»Ÿ Báº¯c => chá»­i Báº¯c Viá»‡c xáº¥u á»Ÿ Trung => chá»­i Báº¯c Viá»‡c xáº¥u á»Ÿ Nam => chá»­i..."
"04thang2_blue","Äá»‹t máº¹ bá»n 3 sá»c,Viá»‡c xáº¥u á»Ÿ Báº¯c => chá»­i Báº¯c Viá»‡c xáº¥u á»Ÿ Trung => chá»­i Báº¯c Viá»‡c xáº¥u á»Ÿ Nam => chá»­i..."
"baki.hehe","Táº¡i báº¯c ká»³ sá»‘ng dÆ¡,Viá»‡c xáº¥u á»Ÿ Báº¯c => chá»­i Báº¯c Viá»‡c xáº¥u á»Ÿ Trung => chá»­i Báº¯c Viá»‡c xáº¥u á»Ÿ Nam => chá»­i..."
"nambui9572","TÃ´i lÃ  dÃ¢n Báº¯c, sá»‘ng trong Nam 20 nÄƒm nay: dÃ¢n Nam cÃ³ 2 loáº¡i: 1. HÃ o sáº£ng, nghÄ©a khÃ­. 2. Nguá»µ quÃ¢n tá»­.,Viá»‡c xáº¥u á»Ÿ Báº¯c => chá»­i Báº¯c Viá»‡c xáº¥u á»Ÿ Trung => chá»­i Báº¯c Viá»‡c xáº¥u á»Ÿ Nam => chá»­i..."
"bier_zzz","CÃºt vá» Báº¯c kÃ¬ ngay,Viá»‡c xáº¥u á»Ÿ Báº¯c => chá»­i Báº¯c Viá»‡c xáº¥u á»Ÿ Trung => chá»­i Báº¯c Viá»‡c xáº¥u á»Ÿ Nam => chá»­i..."
"hanhteo07081969","Cá»¥ tá»• nhÃ  mÃ y gá»‘c Báº¯c Ä‘áº¥y,Viá»‡c xáº¥u á»Ÿ Báº¯c => chá»­i Báº¯c Viá»‡c xáº¥u á»Ÿ Trung => chá»­i Báº¯c Viá»‡c xáº¥u á»Ÿ Nam => chá»­i..."
"luucheese_","None,Viá»‡c xáº¥u á»Ÿ Báº¯c => chá»­i Báº¯c Viá»‡c xáº¥u á»Ÿ Trung => chá»­i Báº¯c Viá»‡c xáº¥u á»Ÿ Nam => chá»­i..."
"_binhht.ai","3 thanh hoÃ¡, 6 nam Ä‘á»‹nh,Viá»‡c xáº¥u á»Ÿ Báº¯c => chá»­i Báº¯c Viá»‡c xáº¥u á»Ÿ Trung => chá»­i Báº¯c Viá»‡c xáº¥u á»Ÿ Nam => chá»­i..."
"z68po_","vÃ¬ ng Báº¯c bá»n t quÃ¡ cháº¥t =))),Viá»‡c xáº¥u á»Ÿ Báº¯c => chá»­i Báº¯c Viá»‡c xáº¥u á»Ÿ Trung => chá»­i Báº¯c Viá»‡c xáº¥u á»Ÿ Nam => chá»­i..."
"munyexchange","Cháº¥t Ä‘á»™c.,Viá»‡c xáº¥u á»Ÿ Báº¯c => chá»­i Báº¯c Viá»‡c xáº¥u á»Ÿ Trung => chá»­i Báº¯c Viá»‡c xáº¥u á»Ÿ Nam => chá»­i..."
"giaptrannhatkhanh","ChÃ³ parky bá»‹ dáº«m pháº£i Ä‘uÃ´i mÃ  nháº£y dá»±ng lÃªn tháº¿,Viá»‡c xáº¥u á»Ÿ Báº¯c => chá»­i Báº¯c Viá»‡c xáº¥u á»Ÿ Trung => chá»­i Báº¯c Viá»‡c xáº¥u á»Ÿ Nam => chá»­i..."
"108.smilodon","Báº¯c ká»³ sá»‘ng Ä‘Ã¡y xÃ£ há»™i toÃ n dÃ¬m ngÆ°á»i khÃ¡c xuá»‘ng Ä‘á»ƒ tháº¥y báº£n thÃ¢n mÃ¬nh tá»‘t Ä‘áº¹p Bá»‹ chÃª láº¡i thÃ¬ giÃ£y Ä‘Ã nh Ä‘áº¡ch lÃªn, tá»± Ã¡i báº¯c cá»¥,Viá»‡c xáº¥u á»Ÿ Báº¯c => chá»­i Báº¯c Viá»‡c xáº¥u á»Ÿ Trung => chá»­i Báº¯c Viá»‡c xáº¥u á»Ÿ Nam => chá»­i..."
