free_text,label_id
Em được làm fan cứng luôn rồi nè ❤️ reaction quá hay quá cute coi mấy giờ này quá hợp lí =]]],0
Đúng là bọn mắt híp lò xo thụt :))) bên việt nam t cái này ra cách đây 10 năm r và bọn t gọi là cái L :))),2
Đậu Văn Cường giờ giống thằng sida hơn à,0
CÔN ĐỒ CỤC SÚC VÔ NHÂN TÍNH ĐỀ NGHI VN. NHÀ NƯỚC VN BAN THƯỞNG.,2
Từ lý thuyết đến thực hành là cả 1 câu chuyện dài =)),0
Coronavirus is manmade,0
Đố chúng m nhận ra ai,0
Lúp lúp như chó .,1
🥰🥰🥰,0
"Thế mà mình nói mấy thằng bắc kì, bọn đó lại bâu vô nói mình phân biệt!:D",2
"Được anh ưi, lâu rồi không nghe phúc du rap 🤣",0
Cắt cho trẻ trâu bớt thui mà 😂😂😂,0
Nghe rất vô lí nhưng cực kì thuyết phục,0
"chán ghê hong có pé 2 mới máu được, hâhha",0
Sao t gửi đc bây,0
thế đấy. làm j bọn nó. bọn nó có quyền nên làm j chả được :v,0
Loại này cho dựa cột thôi chứ độ thế nào,2
Thuong wa di,0
Dạy bơi cho cá. Bơi thì đương nhiên nó bơi được vì nó là cá. Làm sao cho nó sống được mới là điều người dân đang quan tâm.,1
Ủa chứ bữa xin lỗi khóc tế om xòm mà giờ chửi nữa rồi bó tay con này hỗn quá,2
Bamtp chạy ngay ddi:)),0
Cứ đăng cái ảnh 2 bố con là y như rằng bị đổi,0
"Dàn Táo năm nay làm chương trình TÁO QUÂN VI HÀNH nhé mn, phát sóng 9h tối 23 Tết trên VTV3 :))",0
Thật chán với chế độ quản lý dân sinh,2
Đời vô thường lắm..sống phải tu tâm tích đức cô oi..khẩu nghiệp quá cô ơi,0
"có ai biết làm cách nào để tìm lại được, đồng đội, đồng chí, hay bạn hữu cùng đơn vị của người trong bức ảnh không.",0
Sống chậm lại các mày ?,0
Chương trình quảng cáo xin đc bắt đầu,0
Nguyễn Hữu Nhân đớp cả của cháu. Thứ mắc dạy,2
Nhậu cái đm chúng mày lũ chó hại dân hại nước,2
Thế Vinh Yasbaga tối cao,0
mài có óc để suy nghĩ ko add? cái đồng băng đó mài tính đào hồ bnhiu cho đủ hả thằng ngu?,2
chuẩn,0
Chỉ 3 vàng ngọc như con heo nọc nhà e,2
phải thầy k ta,0
Cảnh sát chính tả comingg nè :)),0
Xuân đương tới nghĩa là xuân đương qua,0
Nhìn chúng nó cmt mà đắng bạn à =))))))),0
Ý thức còn ít hơn cả số tiền trong túi t,1
Em yêu anh từ thuở tóc dài,0
theo chân mấy anh hàn quốc rồi :,0
"Lương tháng 7,8 củ thui ak con trai, nhưng bố vẫn ăn tạm cua hoàng đế để sống wa ngày thôi con trai ak",0
Mệt quá thầy ạ 😞,0
Gia Lộc Tran Quang còn j vui hơn cà khịa :)))))),0
chị Hôm nay đẹp quá,0
Xem r nè,0
Việt Tiến nghèo là rõ 🤦,0
xxx video 🔞,1
thầy đéo xoá kênh kêu gọi học trò report cho bay kênh thiệt luôn :)),2
Anh ba láo nháo là Tú xiên giờ,2
Người ta bị lường gạt 1tỷ mấy còn êm ru mà đằng này hơn trăm triệu thôi mà la um xùm hà,0
Tú thích hoa hồng và mùa đông được Quang đâm phía sau mông,0
"mẹ, sao bộ k mở cửa hàng kinh doanh bán bình luôn cho dân, ko lại phạt vì mua phải bình đểu :)))",2
Cuối cùng anh đã trở lại. Em tưởng anh biến mất luôn cho em mừng 🙂 thiệt là tình( nội dung mang tính giải trí. Ko có ý anti hay ghét ai),0
Chi 3 cai gi cung co nhung cai lờ la chi 3 hét kiếp nay cung k bao gio co .,2
Vừa tăng lương phát biết ngay,0
Ai là cảm tình diên like,0
Xin tộc trưởng hãy cho Hiếu lợn thần ra trận! Đảm bảo sẽ có chiến thắng,0
Đấu khẩu - Chim lợn 👍,1
Cai miệng nói không sợ bị hậu quả,1
4 năm rồi à,0
Đầu 2 thứ tóc rồi mà còn bị trẻ trâu Levi lừa.🤣,0
Nguoi mien trung nhu e chi ngoi xem cac bac chui nhau thoi :)),0
Khắc Thành Nguyễn phục cái máu lồn,2
Quan va. Dan nhu nhau phai ton trong phap luat. Khong thuen vi mot ai?,0
Chúc abe 20-10 vui vẻ,0
ko vào thì lấy đâu ra vốn vay FDI cho các anh đút túi ?,0
Việc nhẹ lương cao mình xin nhường cho những người thất nghiệp:)),0
B52 If J97,0
Chào người anh em,0
Diệp Gia Nghi nghiệp nó quật m chết bh,0
"Duy Khương bên nó ai bị hoặc nghi bị thì tự cách ly tự điểu trị nhé, nó còn không cho xét nghiệm cơ, chỉ khi nào bạn chết thì nó mới khám nghiệm để kết luận có do virus hay không, ở ngoài đường mà đeo khẩu trang bọn Anh nó còn đấm vào mặt cho chứ ở đó mà điều trị",0
9x5=55 chứ ôg a già😆,0
Trương Duy ko mvp đội mình thì là mvp của đội bạn :))),0
Xin video với bro 😄,0
Bị gì bị lắm thế,0
Du học sinh Úc cơ ấy =)),0
Ôi vãi a quang :v,0
Chờ đợi 17 nồi bánh chưng mới đc fan cứng nên cmt cho kh mất chứ ko biết chơi GA,0
Khá khó🙂,0
Giúp e làm đẹp với . E ko có điều kiện. Ko có khả năg nhưg thấy có người đẹp e rất thích,0
Thu Boo xuất sắc ...nhưng em lại làm mấy bạn kia buồn thêm 🤣🤣🤣,0
"Hoan nghênh ông Trần Dần có tư tưởng tiến bộ, không chống cộng sản Việt Nam nữa. Chỉ có quên đi quá khứ để yêu thương . Ai cũng về già lo tu thân sám hối là điều lựa chọn tốt nhất. Chúc ông Trần Dần sống lâu 130 tuổi và luôn khỏe mạnh đẹp lão.",0
Mấy thằng già làm bộ trưởng này nọ mà đầu óc thua cả 1 bác nông dân,2
Võ Thành Nhân huyền thoại :((,0
Sương mù là tại thiên tai !,0
Mình không quan tâm cô đơn cho lắm,0
Thế e thích làm phù thuỷ r bạn nam phải làm s đây a nhỉ😆,0
Uầy tôi là cưng phán các ông ạ được vl a ưi =))),0
Maruko Linh,0
ảnh này ở video Superheroo nghe buồn não ruột -__-,0
anh tik nói quá đúng luôn,0
BaVi :)),0
Ở đây ai là chủ ???,0
Minh mẫn vcl,1
Chú Bòn em chặt chứ ko ăn nha =))))))),0
Cực kì thuyế...hác xì....á chết mẹ..,0
Lee Quang tôi toàn nghe nhạc của bùi anh tuấn! Hà anh tuấn! Nghe mấy bài này ko thấm nổi,0
Nguyễn Trọng Thái người ta nói bạn đợi nhưng bạn có biết bạn đang đợi cái lone gì không. Hay là đợi thiệp hồng,0
"Có anh Độ, Tết lúc nào chả vui",0
Nghe nói trước đây 1 số thành phần người hà nội kì thị dân vĩnh phúc đúng không nhỉ. Bh sao thì mấy ngừoi đó bị lây hết chưa ấy nhể,0
Huy Hoàng =)),0
Thảo NG thua tại dốt av qa :v,0
😞,0
Dần dần thấy jack mất hay,0
Dì 3 ê dì 3_ là trai hay gái ạ,0
Vợ Cuốc sư là Bùi Kim Thành còn vợ nhỏ là lisa phạm,0
Trước khi cắm lên đầu em 4 cái sừng nó cũng bảo y như thế :((((,0
éo nha liu liu,1
#NAME?,0
Cận thận nhà ae,0
Idol,0
Duyên Phạm ghê tr nay văn chương dữ hén,0
xin ạ,0
Hoàng Minh,0
Anh Trung Magic,0
"có một sự tồn tại của đàn bò mang tên "" cực kỳ thuyết phục "", có sở thích là nhai đi nhai lại, mục đích của chúng trên hành tinh này vẫn chưa có lời giải đáp, theo như các nhà động vật học cho biết loài bò này có lối sống hoang dâm trụy lạc, có thể động dục bất cứ lúc nào, con số của loài này đang được gia tăng đáng kể.",2
Ck4mk4m là gì á mn,0
Cho toyy xin in4 FB hoặc sđt zalo hay ig được hong :33,0
Chị chữi là chị cứu nhân độ thế🤣🤣,0
Nghi vấn thầy chà trộn TTBL tu,0
Lại Hợp Sâm clm đến v thì /ff,1
Dao chặt không đứt kkkkk🤣🤣🤣🤣🤣🤣,0
Hồng Thy cái giọng điệu nói cảm thấy hao hao giống ..!,0
Nhanh thực sự,0
Đồng Nhung máy bay phalcon 10 tỷ belike :,0
So Pre Tài Trợ Độ Tây Ngày Hôm Ngày =)),0
Nghe kể chuyện tí rồi làm tiếp a Thanh Le :))),0
Hoàng Anh từ tư 😁,0
Dep trai moi co nhieu dua yeu,0
Bt các bạn phan cuồng chửi vậy mik đã ko nêu ra ý kiến cá nhân,0
thêm một người bị cộng sản nhồi sọ không biết sao có thể nạo ra được hết chất bã trong đầu,2
Nghe giọng nứkg quá Abe :)),1
ông làm bố tôi hơi lâu rồi đấy' Tùng sói said,0
Vì refund top 1 nên tối nay mình xin phép ea..blabla,0
Anh Trung Giả Kim 😂,0
Có khả năng tối nay anh bị ngủ ngoài đường :)) tu bi con tờ niu,0
Bùn nhở,0
Pháo thủ toang cmnl @@,0
Bóng khùng bóng điên,1
Làm thêm chục củ mở hòm csgo anh êi :V,0
Lê Huyền người ư ?sinh vật hạ đẳng chứ ngươi ai lam thế .,2
Cao Lãnh với chúng tôi làyy,0
Làm nhẹ 3-0 cho nó ok,0
🙆🏻‍♀️,0
ặc :),0
Ai xin inb tôi đi,0
"Goodnow Tran lo ở nhà đi ra ngoài tiết diên mày bị mắc bệnh giờ, tui cam đoan là như dị",0
"Nhìn chị Minh Hiếu có duyên hết sức, nói chuyện rất chân thật, mặc dù mỗi lần live chửi rất táo tợn nhưng nghe và nhìn chị ấy rất thánh thiện và chất. Chúc chị luôn vui khoẻ và hp. Mong có dịp sẽ được gặp chị",0
Dễ thương và duyên quá Cô ơi. Love Cô.,0
Lê Thị Bích Hồng tk trẩu,2
nhớ nuôi kiểu tóc này mới đủ combo nhé ae,0
Chang Chang 🥥🥥🥥🥥,0
Nguyễn Trang nói thật mị 🤣,0
1 ng thì giết 1 mạng . 1 ng thì feed tụt lol,0
Có pải nổ lực là có được đâu.pải có 1 chút gọi là may mắn nữa,0
Panda Thái đã xem =))),0
Luôn ủng hộ K-ATM,0
Còn bạn này nữa thầy ơi,0
Giọng cuốn vc,0
Nguyễn Đào Nguyên,0
thế thua gì bác.. k công khai mà cả VN điều biết tên e nó bác nghĩ ngta đón được sao????,0
Ai ki nghe nói cũng đi ý về,0
"không có thì ""sản xuất"" ra -_-",0
Hợp lí anh ơi,0
Đc anh ui,0
Con người sao lại như vậy?,0
Bảo dan tri thap thì tự ái :),1
Tại sao phải trả lời thầy,0
Cái trend Nghe có vẻ mãi chúng nó vẫn chưa chán nhỉ,0
Đang lúc dầu sôi lửa bỏng bay kiếm clmn hay gì á rồi đem bênh về đây cho nhà nước nuôi tốn cơm tốn gạo,1
Con nho nay hom truoc chui Ong ba Cha me ca nguoi Vn la minh biet no bi Ma nhap no truoc khi bi chet.. ..gao thet kinh hon de truoc khi xuong dia nguc...🙏🙏🙏,0
Anh Minh chậm cái con cặc,2
reaction thầy ơi,0
Đoạn đánh răng chiếm quá nhiều thgian :)),0
"Đù dại ghê, bọn đấy ngày nào nó cũng lên Phường xiên cho nó 1 cái, đuợc tiếng luôn, vào khám mấy anh chị cũng thương, xiên hết mọi thằng trên Phường luôn cho nó Sum",1
Chị 3 cho e 200 triệu đi làm chymmm đi huhuh,0
Tóm lại là chửi nhau phải có văn hoá 😂😂😂👏🏻👏🏻 e thích page rồi đấy 😂😂,0
A tiệp:,0
Khi đi nhớ đem theo Susan nha thầy :)),0
cái tay cái tay,0
Vẫn có 1 người tặng quà va len thai cho mình mn ạ.,0
Giật cho mất mẹ cả cái mụn ruồi (:,0
Tóm lại là con gái hay trai... 😶😶😶...bực mình vl nhìn hoài ko ra 😑😑,1
Đào Hà Văn Rinaky Cn anh chị ơi cẩn thận nhé ạ,0
Điều kiện hạn chế viruss phát tán có thể là phòng trên 26 độ là cơ bản. Còn mọi thứ điều cis thể. Hãy đọc kĩ những bài nói về viruss corona the trang chính thống nha,0
Bắt được đừng chữa nhốt vào cho chết luôn...loại này đừng để đẻ trứng!!!,2
Optimusthree với 99% sức mạnh,0
:3,0
Hahahaha,0
"ô thế mọi người k bit ak, Trần Dần mắc bệnh từ khi chưa có dịch ak...ông này mắc loại bệnh còn nguy hiểm hơn Covid 19...",0
Đồng bọn nhỏ đó khi zo tù :))),0
Nguyễn Thị Luận Hà Nam cũng vậy :),0
gáy to thế mi anh,0
Bảo Tín đi du lịch gặp con gì ngứa ngứa ở biển e đã sợ lắm r sao xuất hiện con này nữa,0
"Học cách kiểm soát bộ não của mình đi, thích thì tiến tới, ghét thì bỏ qua",0
Phạm Linh ko co cl,1
Qtrong gì trước sau gì chẳng về 1 nhà,0
Tức diêng là idol vẫn còn ngon cơm. Tức diêng là mắt thấy tai nghe chứ ko phải nằm chiêm bao,0
Con Thương cô lắm,0
Cực kỳ thu....,0
Thánh chửi lãnh án,0
xe chở súc vật mong người dân hãy tránh xa (đề phòng súc vật phóng uế lung tung làm mất vệ sinh).,2
À thế bạn ý hát bài j jui có ai giới thiệu cho mình đc ko. Lâu jui mình chẳng nghe bài hát mới nào cả,0
"Chúc anh em năm mới vui vẻ, an khang thịnh vượng.",0
Có táo quân thỳ mới là tết chứ,0
"Samsung vẫn đi làm bth nhé, mỗi ngày đi làm là 1 ngày vui 😜😜😜😜",0
Chú trung đầu L chứ chú tí đầu lân clg 🤣,2
"Chi đep qua chi,e thích qua",0
Oh shjt,1
Cáo từ,0
Nhật Long toang. Kiểu ni còn lâu lắm :((,0
Hiếu Bùi sủa dơ,2
Ok trung bảnh,0
:)),0
ad nói phét à bê tông ăn thế nào đc,0
Con thuong co ba,0
Á nhà tiên tri ủng hộ nghị quyết 36 rồi nhé 🤣🤣🤣,0
Nguyễn Thị Phương bạn ơi cho mình xin ảnh để sống ảo đc k ạ?,0
Chào nhà báo vũ hoàng Lân. Chào danh hài vũ trụ trần tiger:-),0
Ok đẹp trai :v,0
Lan Hoa Tùng có dùng acc clone đi cmt đâu... dạo ??,0
ăn bận như cac họ,1
Cực kì thuyết p.....,0
Nhảy thế kia nhỡ may tiếp đất ko chuẩn lại ngã thì sao. thôi tôi tớ nhiều cứ bảo 1 thằng ra cõng cho chắc. :)),0
reaction thầy ơi,0
Chửi hay lắm ad,0
Chào nhéee,0
Thu Trang,0
Đau đầu vl :)),0
Mày nói như lồn. Bọn đa cấp nó đóng thuế còn gấp chục lần doanh nghiệp. Tao cho thằng thớt ăn lồn không oan chứ thằng bên dưới?,2
Thế cơ á,0
"Day khong phai la con nguoi nua ,,, tinh tinh tinh ,,",1
tks thầy nha ♥,0
Quá ngu lồn đi =))),1
Fan cô Minh hiếu đâu taaaa ❤️,0
Nguyen Ngoc Tam gia phú phải không 😂,0
Tình đồng chí thật kiên trung!Sách lịch sử dạy giặc tra tấn dã man thế nào cũng không mở mồm có #,2
bác dần chớm có tình yêu nước r đấy,0
Toang quá thầy ơiiii :))),0
"Làm cái đéo gì thì làm đừng để ng ta nhắc đến VN là gắn với từ ""ăn cắp"" :))",1
chị ba nói chuyện dễ thương quá,0
.,0
Cả nước đồng lòng riêng em thi ko,0
Còn ngưỡng mộ có ba nhé hihihi,0
Báo công an đi rồi quản lý thị trường hốt em luôn thể.,0
Im mẹ đi thằng mặt lon,2
thằng ad này não bị delay 3 năm à :)),2
🤣🤣🤣,0
How to nói đểu vợ :)),0
Mới hả mn 😅,0
"Ad hãy tìm số báo nào của báo quân đội khi viết "" ba-rách ô-ba-ma"" và ""đô-na trăm "". Vãi báo",1
Bọn chó sủa bậy,1
Thì ra thầy đã có tính tấu hài từ lúc làm tuyển thủ chuyên nghiệp,0
Sếp nhà mình cũng thế 🤩,0
bon comcom đơn vị tác chiến điện tử vs nhật ký yêu nước dm chúng mày vào mà đọc. tưởng ai cũng như chúng mày hết đấy,2
Các em nầy khi vào báo “công ngủ” với ác hồ thì phải chỉa vào mặt ác hồ như thế nầy nè :,2
Giận méo mặt =)),0
MV khá chất lượng,0
Đi làm cũng khổ :((,0
Thầy duo với levi để Tú bơ vơ,0
Lại 1 người nữa ra đi,0
Bác ơi chói quá,0
Tự hào quá VN ơi 😂,0
Khổ thân anh độ giải này mà nát mấy ông anti lại um lên cho mà xem ... Rồi team lại đủ thứ buồn. Còn ngày mai nữa mong các anh cố gắng,0
Ai yêu ib nhé,0
Chu Hoài tạo hình suốt mà giờ mới trend,0
em mê con nhỏ ngoài Trần Duy Hưng nhưng phải cố gắng nhiều hơn !!!,0
Tại mấy a tàu mà ra,0
Sợ thật ấy :))),0
Xin phép cả nhà nhaaaa!!!,0
"so với "" nghệ thuật sắp đặt "" trị giá 8.100 tỷ vnd của ông Hoàng Trung Hải thì tác phẩm ""trái chuối"".... rất là chuối !",0
Nước hoa đểu lấy đâu ra xịn :))) Hot girl méo gì nhìn xấu vkl thề :))),2
"Sam luôn luôn đi theo cặp nhé, 2 con chồng lên nhau ý",0
Trường Giang no no . Đg chỉ trích vì tính ích kỷ . K nghĩ cho ngkhac . Chứ bả sống thì tốt th chứ có j đâu,0
",..",0
Chúc mừng năm mới,0
Quân tâm ae có link xem chưa bao phê luôn ae ơi,0
Thầy làm gì cũng được đừng ra MV hát là được nha thầy. Nói chứ dm mãi yêu thầy,0
cứ như là 1 kịch bản hay cho việc hợp lý hóa xây sân bay long thành!,0
Cổ động viên quảng ninh nhưng rất thích chất cổ động viên hải phòng💐,0
Đưa ô già đi trốn hợp lý hơn =)),0
Suni Hạ Linh sau khi thấy vid này ☹️,0
Bóng dơ,2
Mai Ánh Thi có nha em ơi ibx nha,0
Có tiền đi đường quyền =)),0
Trần Bình Trọng Vừa xog = 1k like :) các bác sống nhanh vl :),1
Tôi nghĩ tiền không làm gì được các ông ạ =)),0
Nhớ đến đấng nha 3 gà 😎😎,0
Mê cô quá,0
"Vô tình thấy, giống anh quá 🤨",0
Đặng Thái Hoàng Châu dư âm từ năm này sang năm khác,0
Tú ko cho anh 3 blue và cái kết :)),0
Fan cứng nè,0
"em đây anh ơi , bây giờ em mới nhận ra bên em còn có 1 người anh tuyệt vời như anh anh Độ ạ 🥺",0
I love you to ca mo,0
Đumoe nói leo,1
"Pha đánh răng ám ảnh nhất lịch sử điện ảnh, có thể lưu truyền mọi thời đại, là biểu tượng để các diễn viên học tập theo🤣🤣🤣🤣",0
Đu.má tu.biên tu.diēn luon...,1
🙃,0
"hoc cc gi` nua~, ve san voi ma` kiem an =]]z",1
Thanh Phương c làm 1 bài review đi c,0
Đình Quang thô nhưnh thật quá bác ạ =))),0
Abe có thể chiếm đoạt được trái tim của Tiểu Tiểu nhưng riêng blue của Tiểu Tiểu thì Abe tuổi lol chiếm đoạt được :vv,0
Đúng là chó làm người phải chịu ... haizzz,1
Bùi Minh Huệ crush ưii . Anh thích em đó 😶,0
Cô Minh hiếu nói chuyện thật thà dễ thương quá ✌️✌️✌️✌️✌️,0
Ai biết tên kiểu này là gì không ạ,0
Uống nước là đi tù,1
đéo hiểu kiểu gì,1
e chúc panda của abe iu dấu 20/10 vui vẻ nhé và đừng quên xoá kênh,0
Đờ mờ cuộc sống,1
Phải xử lý hình sự mới sáng mắt ra đc !,0
Dạo này nước mỹ ko dc an toàn . Sao không thấy cây súng 🔫🔫🔫 của nhà tien tri vậy,0
em về tộc anh r nhưng chưa có fc🤣,0
khó chịu vãi😂,0
Ri thì như thor luôn,0
Góp vui một tí :3,0
Mọi người xin dành 1 chút thời gian nguyên góp mỗi người 1 like vào ảnh đại diện của tôi được hong :)),0
triệu hồi phúc nghẹo..trọng lú,2
"nói z thôi cho dân chúng bớt xoắn lên nhưng thực chắc cũng đâu vào đấy. nó chơi ngầm thì đố ai biết. cái nhà nước này nó nát bét hết rồi. các bác đừng có mơ làm nhà nước nữa, từ cấp 3 đã xác định là làm nghề gì mà k liên qua nhà nước rồi, vì tao biết g",2
Thời gian ủ bệnh lên tới 14 ngày khả năng cao vẫn phải cách li theo dõi thêm,0
Mặt độ trông buồn cười vl kiểu con ơi cho bố cầm ms kkk,0
Pha xử lí hay nhất từng xem,0
Thêm quả carô ở trong nữa nhìn chán 😑😓,0
Bà này đỉnh thật. Nữ tướng đáng khâm phục. Giá như mà Việt Nam! Có sự lãnh đạo của bà thay cho NTKN thì hay cho đất nước.,0
dư luận viên vào ẳng nào :v,2
from,0
Nghe kì kì sao á. Con trai với mẹ mà liệu mấy cái lời nghe 😋😋😡,0
Lisa cai lậy 😍,0
Tq hắc xì cả thế giới phải rung chuyển,0
NGHIỆP BÊ ĐÊ NẶNG LẮM R MÁ ƠI,2
Duy Trần xin video với,0
Yêu thầy dấu bé 3,0
Nó giống vãi lol a ưi!,0
Cũng đã đến lúc những người làm công tác bảo vệ an ninh.các khu phố cần vào cuộc. Vì hình ảnh của đất nước không để mấy thằng lưu manh làm mất mặt được,2
add e muốn mua cái này mua ở đâu ạ.,0
Lại lên cơn hoang tưởng bậc cao hơn!😁😂🤣,0
Nguyễn Minh bộ ba siêu phẩm r sao đọ,0
Phương Minn ngộ nghĩnh nhỉ lạ lone nhỉ ? Rõ ràng cố tình tạo phốt để bán hàng online :))) mà làm như hay lắm . Sống dơ v ai mua đồ cho trời .,2
@Chiến trần chuẩn 👌,0
@Yo Min :)))),0
HÌNH NHƯ THIẾU 4X :3,0
Chỉ chịch xã giao thôi =)))),1
Trúc Ngân ơ s lại đi so sánh dink kout của cây a tê em vs đỉnh cao của Jack vại bạn?? 🙃🙃Thiệt là khập khiễng vs cả thiệt thòi cho bạn nện đàn dzợ🙂🙂🙂,0
Hoàng Kiên nói đúng lại còn chuẩn 🤣🤣,0
Có cc nè em :),2
Page lâu lâu nói chuyện chuẩn dễ sợ >.<,0
Kinhh,0
Quảng cáo lộ liễu quá 😁😁,0
Nghĩ ló chán :),0
Nghe thế thôii làm theo mấtt hếttt =))),0
Loại này phải,0
buồn a ạ 😞,0
Mong mấy bác được cách li ở nhà đừng trốn là em vui rồi :))))) cứ đi nhông nhông thì em cũng sợ :)))),0
bậy zòi :v nhìn bên trái đi :D đừng nhìn bên phải :v,0
hợp lý a ưi 🤣🤣,0
Nguyễn Trọng Hiệp hiệp bmw à 🤣🤣,0
Do lười chụp ảnh có mỗi kiểu chụp trộm thôi,0
Thân hình phụ huynh gương mặt học sinh,0
"Giống như câu , Ngêu sò tranh nhau , Ngư ông đắc lợi",0
Hợp lí anh ưiii,0
Đinh Nguyễn Vươn Anh Tuan,0
Vũ Mai Ly ui thật á,0
Huyền Khánh Phùng chả vờ chả vịt :)),0
Nguyễn Định tui xợ á,0
Minh Tran uh mình nghe cũng nghĩ là người miền trung mà bả ko biết phân biệt,0
Chị ba sang quá à...Đi hửi quần xì của con les,2
Đi sau Việt Nam hàng thập kỉ,0
chúng mày phải thông cảm các anh ý đều có ước mơ làm hình sự nhưng dòng đời xô đẩy phải đi làm trật tự và giao thông .,0
Hang Vu đú trend lâu roài =)),0
Thuyết phục vl,0
"Rõ ràng chức danh chủ tịch mà,sao ý thức lại khác vậy😌((",0
"Nguyễn Thanh Mai Trúc t hay kể chuyện cười cho m nghe , nh làm việc gì nhớ tập trung chuyên môn nghe ch =)))",0
"Nhà nói dóc, nhà ảo tưởng chứ biết con mẹ gì mà tiên tri 😄🤣😂😂😂😃😂😭😢😘",2
bạn trai nhà người ta chưa bao giờ làm tôi thất vọng :)),0
đợi ei,0
Tiêu Chảy Cấp .,0
sang năm mới mong anh bớt hí nha,0
Lúc đó tôi tưởng thế là ngầu,0
nhìn chất vãi lìn anh ơiiiii,0
Nguyễn Tuấn Phong thương chị quá,0
Âu cũng là số phận muốn đóng vai thiện nhưng đời xô đẩy ...,0
Hi vọng chị kế toán cũng thấy cái này. Chị ơi vì một cái Tết ấm no hãy thương tụi em,0
Ngọc Huy học hỏi idol để có quả đầu đẹp nha =))),0
BenBen Duong,0
#trời ơi cưng quá cô ơi,0
Chui nua di co cho bo tat ngua,1
Nể nhất anh phóng viên! Ngồi mặt tỉnh bơ ko biến sắc,0
Vợ em mấy anh ơi :)) em lớp trưởng nè,0
bản kia hay hơn,0
dạo này pản động nhiếu quá mấy bạn bò đỏ ah :D,2
chất vlon a ưii,0
Ủa ah nói hay vậy🤣🤣,0
"cái cap hơi gây war đó nha!vậy tui nói chương trình mấy người này nọ mấy người chịu không?nói gì thì suy nghĩ vào,xin lỗi chứ chương trình có duyên mà cmt đ có duyên thì dẹp hay im m* mồm cho xong!Thân!!",2
"Nhà tiên tri hay đấy, ông có thêm 1 phiếu về VN chơi nhé 👌",0
đặt khô gà ở đâu v thầy ơi,0
Ngọc Như chắc là sẽ bíu ty phun lắm đâyyy,0
nhà thầy đâu tết ghé coi\.,0
Lê văn tám là hư cấu à bacd,0
dân miền tây nam rất thích đeo vàng khoe khoang nhỉ,0
Cưng bã dễ sợ,0
"Tiên tri vũ trụ múa võ vui kinh nhể, thấy tiên tri dùng thế cuối rồi nói câu: ""súng bắn không trúng, dao chém không lủng"" tự dưng muốn cười kinh khủng ka ka ka.""",0
ĐM HCM : Đường mòn Hồ Chí Minh :v,2
"Lại dễ ăn quá, làm ở nhà nhé",0
Đinh Phước sống nhanh chậm t chửi hết👌,0
Cô ba Minh Hiếu xuất sắc quá nè mọi người :))),0
Mời Dì Hai (ca sỹ Tuấn Phong) đi Anh Chị ❤️❤️,0
:)) t bên này t còn dell giám dùng tien mà s chj 3 xaolol vay nhà toàn trã góp sūa cl :))),2
Duy Trần xin video luôn ông ơi,0
"Lộc đéo cmt là bác đc yên r. Lộc cmt cái bác \""lên\"" nóc nhà bắt con gà... Bãi đéo nào cũng có dấu răng của L :))",1
Sao thầy kh múa quạt nhỉ =))),0
Ngô Tấn Hưng ông đang nâng trình Thầy Ba hay kéo trình Duke xuống vậy😂😂,0
"<(\"")",0
"Lại nghĩ cảnh tập trận chống bạo động đại hội Đảng. Cứ tập trận như đúng rồi, sợ dân ta đến biểu tình nên phải làm vậy đây mà",2
Con này k bỏ tù cũng phải bồi thường thiệt hại cho đất nước thì mới mong đc sự tha thứ,0
Đúng  là  chỉ  còn  loi  kg mà  hai  văn  được,0
Thứ ngu như m nói chuyện mất tg...đi học lại lớp mẫu giáo đi,2
May là có ý thức chứ k như mấy người bỏ trốn :)),0
Nguyễn Đạt tôi nói k cùng gu mà bro 🤣,0
Người Cao Bằng đẹp trai là thế đấy các bạn ạ 😆,0
Kb ib có video,0
"Bé bú trên để bố bú dưới, =))",0
Ba gà dẫn gái về phong stream :(((,0
Sao cô giống đàn ông thế cháu tưởng đàn ông,0
😞 vì yêu anh nên em nguyện làm ng tăng động,0
Tối nay em sẽ đi học chớ ko đi chơi nha ABe,0
"Bố lạy mày đừng ""hiếp dâm"" thị giác của bố nữa ad à 😂😂😂",1
Nguyễn Hoàng Hoài Thương,0
Đỗ Thuỷ Trinh giông y mạng nhà m 😀,0
toàn dân công giáo,0
Hóng phim ra rạp :)),0
Bạn bị phạt khi chê lãnh đạo kênh kiệu/ngu/cùi bắp ... không phải vì bạn xúc phạm họ mà vì bạn đã lộ bí mật quốc gia.,2
Cực kỳ thuyết phục! 😂,0
Có ai chơi gay hông ib mình đi,0
TRAN DAN TIEN BO.MOI GIA NHAP DCS.,0
E khoe ké với ạ,0
okay thả tim cho 2 bạn :)),0
Ok a zai :))),0
Gốc Tàu mà chửi trung quốc ghê,0
Cố lên cố lên,0
Dương Ly nhím =))))),0
đặt khô gà ở đâu v thầy ơi,0
Phan Quỳnh Anh bóp d' là gì m,0
Chào các bạn quay trở lại với tòi súng vờ lốc :)),0
rách háng như chơi,0
Có vẻ là người nổi tiếng :v,0
súng bắng k chít....dao chặc k đức...tấc nhiêng vi trùng tô-vít sao xâm nhập đc Dần Đần..tui cam đoan là như zị..ơn zời Dần Đần có món thần quyền môn..nếu k giờ tò tí te roày,0
Hàng Fake bạn,0
Động cơ quyên góp tiền là gì?,0
Đm Ad m óc cức lắm...Đm người ta khổ chứ Đéo rãnh lên đăng ba cái tào lao như m đâu...m cho người ta đc đồng xu cắt bạc nào chưa...ở đây xạo lồn...mẹ m sinh cái tay m ra trước hay sao m ngu v,2
Nổ như chó,1
T đã đi ngủ từ lúc 10r nhưng đ thể nào ngủ nổi 🙂,0
công nhận cái khẩu trang giống thật còn....,0
Đúng là ở Kingdom đẳng cấp khác hẳn 😎,0
Có lồn đâu mà lấy 1 tỷ chùi trời,1
yếu đuối vl thế thì sao bước qua nổi sóng gió cuộc đời 😂😂😂,0
Hợp lý😆,0
NHÌN CÁI BÚT ĐÃ MUỐN ẤY ẤY,0
Òa là thầy giáo lại vừa đẹp trai lại chu đáo mê quá đi à,0
Khôn ra rồi đấy . T sẽ cho m ở lại trái đất =)),0
Nhớ bả binh lắm mà,0
Sam Sam hậu hoàng đó!🤪,0
Bao giờ cho đến ngày xưa?chúng ta hãy biết ơn lịch sử suốt từ thời 3 lần đánh Nam hán trên sông Bạch đằng.đừng như bây giờ tên cũng không dám gọi.chúc Bác Lượng luôn an toàn!,2
"Nó chửi như vậy mà vẫn là  "" cô Linh"" cơ à ? Không có lòng tự trọng sao ?",0
Nhìn bà trang giống tăng thanh hà ghê 🤷‍♀️,0
Mệt quá thầy ạ 😞,0
"Phải chăng VN sẽ chia làm đôi, miền bắc theo khựa miền nam theo mẽo, miền trung chắc theo lào :v",0
Hợp lý hơn nè abe :),0
Cách ly tại nhà rồi nhaa m.n,0
Bao nhiêu cái tý trôi qua rồi. Mà vẫn không thấy đâu. Quá buồn,0
Đéo biết game phải để giải trí không nữa 😂😂😂,1
Có màu rằn ri Ko b,0
Kanh Nè ??:D ??,0
chịu cứng🤣,0
Đã dislike mv của Jack để ủng hộ Cây Ây Ti Em,0
Diễm Ngọc vui thôi đừng vui quá! :)))),0
Lưu Bảo Toàn đọc hại não vcl,1
Tưởng gì - bắt chước trend của mình hồi nhỏ 1 ngàn 9 trăm hồi đó,0
Khỏi đi để cháu còn đi học,0
Thầy địt mẹ giả tạo vl =)),2
Đỷ chị minh hiếu,2
Giáo án ma phi te của thầy thật bổ ích .,0
NhungCovid tài trợ hết lo gì =))),0
Hahaha. Đĩ nl. Con bà 2 sinh cl bị sình đó b,2
Mỹ Duyên t kể chuyện gì dạ 😏,0
Vẫn là abe =))) nhưng ở 1 nền nhạc khác,0
lolzzzz,1
Mai Quach ok hoa rơi cửa phật 🤷,0
Aba nhớ đem con này ra thế giới nhé abe,0
Yêu cô quá 🥰🥰,0
Con này mất khối tiền,0
Thầy review dùm em cái mông này vs ạ .,0
Cô thấy cưng dễ thương quá iu cô,0
Muốn gớt nước mắt,0
Chui lu viet nam da roi toi chui bac ky.  Troi....,0
"Vậy thay vì hô ""bớ người ta ăn cướp"" thì nạn nhân nên hô ""phản động kìa"" :)",0
Bả lên ti-qui đẹp dễ sợ!!! Duyên dáng hà 👍👍👍👍👍,0
Nó có lây qua đường đt ko =))),0
Link Facebook anh Trần Văn Xuân nè mọi người,0
Tộc Mixi có khác :33,0
Xin nhà tiên tri cho biết: Liệu trong đại dịch COVID 19 này lũ 3/// CCCĐ tại Hải ngoại có thể miễn dịch ko ạ? Và nếu bị nhiễm dịch thì lũ 3/// sỏ lá sẽ đổ lỗi cho cộng sản hay do sự chủ quan của chính quyền Mỹ ?,2
"Đâu ra mà vay, cái này là đang mua VN dưới hình thức trả góp đó !",0
Nghe rất lí Mạc sầu nhưng lại rất cô cô,0
"Cả cái thằng máu lồn ad nữa, dạo này cứ đăng mấy cái nhảm lồn, đ thích mua hộp cơm 200.000 thì vè nhà cắm con mẹ m cơm mà ăn, đi xăm xoi cái lồn ý à",2
Mai Thu Hoàng tôi còn vừa bị chặn cmt rồi kia kìa😂😂..đúng là đáng sợ hơn cả dịchhhh:)))),0
Nguyễn Văn Huân,0
Ủa bữa khóc lóc Xin lỗi rồi giờ chửi tiếp hả,0
Thuỳ Trang giờ có nè :>>,0
Dễ thương quá bé ba ơi 😌😌😌,0
Tâm Trần ch dừng lại đâu,0
Đây là thầy ba sao 1 tuần dùm dầu gội,0
Xin ảnh ạ,0
hard làm cc gì nưax thầy. Cứ đanh Man Phi Te như vậy là ok rồi. Chắc chắn lên vcsA,0
Cứ như mấy ông trại tâm thần nghịch kiến ấy nhỉ,2
Sao chị k chửi Linh Lóc,0
mặc dù có RTX 2080 và RX580 rồi nhưng thôi nếu a cho thì e nhận .,0
Cuong Phan con này năm sau dự là 2000 đô nhé,0
Hải Hà Haha Cắcc .,0
cái máu lồn gì cũng kêu lỗ là thế lồn nào nhỉ .,1
Sau Sing là tới Hàn Quốc . Bằng chứng là thím ngân đã cài cắm 9 điệp viên vào đoá . 😂😂😂,0
Thầy Giáo Lu vcl thấy giáo lu =))),0
cái Hàu ob này có dành cho trai cong như mình ko nhỉ,0
"Auto mua, comment có thể mua được mà, nếu chốt đơn là thật đi, nhưng sau không nhắn tin cho shop thì cũng đâu bán...kakaaaaaaa",0
Ae lưu ý,0
Ncc,1
Tú Trinh Đen quá mới dính 😤,0
Nguyễn Thị Hương giàu để báo nước chứ không giúp nước,0
Gia Cát Lồn =))))),2
"Chị nói chuyện quá sản khoái  1000 like cho chị , quá thực tế",0
"Ngoài xây hẳn Resort 4 sao trong vườn Quốc Gia mới bị phát giác không giấy phép. 8B Lê Trực, Đền Tổ :) cũng lạ",0
chúc mừng thầy nha,0
Chu Gia Bảo ơ không trả lời được à,0
Nguyễn Quốc An một giọt là nước suối tinh khiết,0
Công thức phá sản =)),0
đọc bài báo xong buồn ĩa đéo chịu đc,1
Thuốc lào đếy :))),0
hàng nóng,0
Ko có hoa hồng nếu ko làm mà chỉ giỏi phá,0
Tội anh be🤣,0
Ko thuế cao nó ng ng xe ô tô nhà nhà xe ô tô lấy đg méo đâu mà đi.,0
Thu Tuyền Phan hợp nhóm lại các cậu ơi :)))),0
Tưởng lại quảng cáo thuốc sinh lực :)),0
Hoài Giang thành trend rồi kìa,0
This is Việt Nam !!!,0
Anh em đang cmt và xem đéo được :))),0
Cho em dia chi Di chi,0
Lần này sẽ khác,0
Sống chậm thôi các ông,0
"Hongkong ủng hộ TQ trả đũa Mỹ, Hongkong ở đây là chỉ một mình bà Carrie Lam và bộ sậu tay sai TQ của bà ta, chứ không phải người dân Hongkong.",2
Suc vat là có thật,1
Đinh Phước mấy cậu căng quá :<,0
Duy Trần xin video với bạn ơi,0
"Tôi cũng vây ,,,nói ko với tân hiệp phát",0
Còn đây là đỉnh cao trí tuệ VN,0
Nếu là sela thì mọi chuyện sẽ k dừng lại ở đó ❤️,0
nghe hư trúc nhưng rất mộ dung phục,0
phê to phê 🤣🤣,0
Ngủ đất :v,0
THIS IS VIETNAM!!!,0
Nguyễn Hoàng bài j v,0
Nguyễn Hoàng Sâm fbi,0
khi k con vb,0
Nhìn tiên tri vũ trụ ngon cơm rồi nghe.,0
Minh Nguyen sập tiệm mẩy thất nghiệp 1 time,0
Ông nào khai giảng không chụp ảnh điểm danh cái,0
Tuyển thủ trong team chuyên nghiệp mang Pubg VN ra thế giới này :)),0
Gặp du học sinh Ma Cao Bằng tắt nắng hết,0
Ok như 2 giọt nước,0
Cháu đang còn nhỏ mà cô chú làm hư cháu quá😥,0
Không hiểu clg đang sảy ra😶,1
Cô linda của chúng em đâu 😞,0
. ❤ em đợi nãy h á...h này cười xĩu,0
Cứ từ từ,0
"Không lối thoát, tiến k được, lùi cũng không xong",0
cutee thật sự ❤️,0
Hay ho đéo j bài này. Hay lại câu like mất facebook,2
Lan Hoa mấy đứa suốt ngày bảo người ta đạo này nọ cả đời chỉ núp dưới bóng của người khác 🙂,2
Này Thì Chúc Mừng Với chúng tôi à,0
Lê Nhật Khoa đem qua cmt bên Lộc sting :v,0
Gửi thầy :)),0
Ngọc Anh cười xỉu khúc đó,0
Dubai mà coi cái bảng giá này là dội hàng liền... chiếc hyundai i20 bên Ân độ bán $9000 về Vn gần 650 triệu ...! Mua 1 chiec xe là cúng cho chúng nó hơn 1 chiếc xe.. kn thật,0
Hôm nay anh chưa đổi được tiền các em chịu khó mai anh em mình cùng bay,0
Các em bình tĩnh,0
Hoàng tử của chị ơi :vvv,0
Congrats,0
Catherine YangYến Đỗ a thề là a ứ có bệnh nha. Cho a về đi,0
ra biển team up xem có mở rộng nuôi tôm ngoài đó được k đó mà,0
So sánh quá khập khểnh hả thầy 😂,0
Mưa gió bão bùng,0
Nghe thôi biết cội nguồn nơi nào...nét đẹp của bản sắc văn hóa vùng miền...^_^,0
😜😂😂,0
tuyển để e dí l vào mạt ngkhac à,2
High fashion lắm á anh,0
Nhưng người hàn k biết kiểu dáng đó ở vn có một ý nghĩ ghê gớm,0
Ạ các bác=))nhìn like,0
Hay quá,0
A di đà phật :))),0
Ng Pháp Huhu đã buồn rồi 😢 ko có gì coi buồn hơn 😭😭,0
đc vái l anh ưiii,0
Vại là e đã sai... pk nhỉ,0
"Thành Vinh có page ba gà và những người bạn đó , liên hệ xem",0
Cô lại dễ thương...i love you cho gờ cu❤️🥰,0
Sao chúng mày ko nhịn tham ô cửa quyền đi .,2
nhân kiểu tày,0
Ông này diễn hài nói mua vui cho mọi người mà. Đừng chửi ông ấy.,0
Chất tiền đoán nữa  2017 xe về 2018 xe về năm 2019 xe về tiền đoán xa chúc 2022,0
9 người đc nhận máu :,0
"Mom con nay to ne, cho no ngam cuot phun cay canh, tot cay lam cac bac a",0
ông đặt cho tên Khánh bánh. ông mất rồi 🙂,0
Cô Minh Hiếu dễ thương quá ạ. =)))),0
theo Trần Dần thì 2022 Việt Nam là 1 tỉnh của TQ rồi sao Trần Dần về được nữa nhỉ?,0
Ae 3/// cố gắng ở trong nhà tránh dịch nha. Chết nó chôn tập thể đó. 3/// mà chết hết thì ko có ai ăn cứt cho mỹ đâu.,2
Chuối hong thầy,0
"Phục vụ cho cộng sản, mà ko mang lợi cho chúng, những người này kì vọng gì, mong chúng nhân từ đưa ra miếng xương sao",2
Ngọc Ánh sợ quá nhưng e vừa về rồi😜,0
T vừa đọc nhầm là miễn nhiễn 🙂,0
trang nay bi bon viet tan mua dut roi. bay gio chi thay mui thoi ko ah,0
May quá idol giới trẻ của vũ trụ vẫn chưa dính virus 🤣🤣🤣🤣,0
Tú cho anh Ba con blue,0
Mang tiếng fan cứng đăng nhưng đéo đc duyệt 🙂,1
Chẳng thấy nó đẹp ở chỗ nào cả 😤,1
Gu thời trang gạ địt à 😀,1
TQ chắc chắn sẽ không xâm lược láng giềng. Vì công cuộc xâm lược đó đã được TQ hoàn tất lâu rồi.,0
hacker doi ten ^^,0
Có giáo án ms tui idol của thầy =)),0
Lê Bảo Trâm ủa có ai khác giống nữa hả? Zậy chắc nó cũng là bà con của m^^,0
Làm subnautica nx anh ơi mẹ anh làm mặn vl ra :))),0
cái phận thằng yếu vùng vẫy cho lắm r cũng phải nghe lệnh thằng to thôi :V,0
Phuc Tran cảm ơn bạn mình nhé,0
Thầy đi làm HLV cho T1 rồi nha các trò,0
"Ơh khoan khoan, Tùng ơi sao số 1 của con, lại là NGÓN GIỮA vậy :((",0
Lê Thị Huỳnh Như m giống như cánh hoa vậy 🙂,0
Quần gạ chịch à,1
"Chơi banh cơm gạo thì đừng dại mua típ nhất là của thằng Trung thần thông nha anh em, bám anh Hoàng Cửu Long miễn phí chắc cú nhất này",0
Khanh Huyen Vuu ok ảnh này thì công nhận =))),0
Giống nhau thế. Có họ hàng gì không vậy ?,0
"ông can đang bận bảo vệ bọn ngu nhưng ra vẽ gánh team , và đứng trong bệ đá cổ nhưng vẫn cần sự cover từ đồng đội tránh bị dive bệ đá =))",2
Oiiiii nàng công chúa,0
Em chào chị.. chị xinh quá .. thương chị quá...,0
Già mà dơ,1
Thùy Promise nghe Hư Trúc nhưng lại rất Mộ Dung Phục à emmm???,0
"LÚC ĐÓ CHỊ CÔNG ĐỨC VÔ LƯỢNG ,, TRỜI SẼ PHÙ HỘ  CHO  CHỊ",0
Tạ Thị Ngọc Duyên công nhận hay có bệh lâu lâu tự nhớ lại chuyện cuời xong cuời vcl :))),0
Ở trên chuyến may bay đó.nhieu người nhiễm kg khai báo chu đau phải minh nhung đâu.,0
Người thiệt hại là chủ xe . thì để chủ xe tự ý thức .,0
Trung đa cấp,0
Yêu chị quá. ♥️♥️♥️♥️♥️,0
nh vl anh :)),0
Lỗ lồồn,1
Chưa chắc gì ngta đã chia tay mà ở đó quay lại,0
Em sẽ sub cho abe kênh mới yên tâm nha abe :>,0
Dm cái giọng cười Abe nghe khốn nạn vl ạ :)) nhưng mỗi lần em nghe em đều cười theo =)),2
Tùng mới đáng iu :)),0
"Mình là dân xem bóng đá đơn thuần, cổ vũ đội tuyển và cực ghét tụi xàm trên khán đài toàn đưa ảnh ng chết lên!",0
Cũng có thế nói là mất hết =)),0
Graaaaaaa lên nào các bạn ơi,0
Cương Đặng đang bảo ông palu lưu ấy 😂😂,0
10h lên stream nghe gáy chị em oiiiiiiii,0
Tương lai như Phúc XO thôi,0
"Nhờ biết đến những video của nhà tiên tri,kiêm cố zấn cấp cao của tổng thống Đỗ nam chum mà em hết bị táo bón",0
Hàn Quốc chửi dân Đông Lào và đây là hậu quả,0
biệt danh cho ai cần nha,0
nhan nay` de lam j nhi ?,0
Cờ giáo hội...tựng trưng cho hòa bình công lý😑😑😑 ko biết ah,0
nói QC game lại tự ái,0
Phương Tú ai biết người nghe đâu mà mấy bài đấy vẫn hit😀,0
ngày xưa chị nghèo :)))),0
MixiGaminh ghe,0
Hợp ní,0
Anh em vào chửi giùm t thằng này,0
Trang Moon cười đỏ hết lợi,0
Giang hồ hải phòng sau khi xem giang hồ bắc ninh dạy dỗ đàn em và cái kết...,0
con điên,2
Đúng r bạn,0
Lại cà khịa,0
Thương cô ba,0
Chàng trai yêu thương bộ tộc là bà phù thủy đây ak anh :3,0
Tưởng Xuân Hiển vcl ba chó :vvv,2
Thương Cô Quá,0
Cái này hả,0
K icm ca sĩ concac à,2
Cũng được đấy chứ a Độ ộ ộ ộ ộ ộ....😂😂😂,0
:( sói said : ông già đang đánh t ko trượt phát lào giờ phải xin lỗi :(,0
"coi cái này nè : thành viên Facebook thân mến, Facebook là giả sử để được đóng cửa. Gần đây, nó đang trở nên quá đông. Đã có nhiều thành viên phàn nàn rằng Facebook đang trở nên rất chậm. Hồ sơ cho thấy rằng có rất nhiều thành viên Facebook hoạt động v",0
Cảm ơn thầy nha,0
Trần Dần bị đồng tính thôi,0
Fan cô minh hiếu nè,0
Ở đâu mà trời vẫn trong xanh vậy anh,0
Idol một thời.,0
Xaolonnnnnnnnn=))),1
"Tao thích, tối về lại đc vỗ về bờ môg.. phê",0
ĐÉO MĘ VÀNG NĢOC CÁI ĐÉO GÌ LÁO PHÉT.SĄO KE.ĐĮT.MĘ TŲI DÂN TRUNG QUŐC NÓ CHÔN SŐNG NĮ. BÂY GIÖ ĐÂY.ĐÉO MĘ DÂN LÀM NAIL. MÀ SÕ LÁ. LO LA LÊN MĄNG. NÓI LÀ SŐNG MÃN ĐÖI TRÊN NHUNG LŲA  CÁI ĐÉO GÌ.DÂN CHÓ ĐÉO. SŐNG GÏA TĄO THÌ CÓ.,2
Vs idol luôn luôn ❤,0
Diễn viên hô ni hút mà ngại gì mấy khác kk,0
xin ạ,0
Các cô chú phải cho tụi con nghỉ thêm 1-2 tuần nữa mới an tâm đến lớp học. :3,0
anh lấy súng ra bắn là nó sợ à 😂,0
Hoan ho chị ba .sao ko cho cai cad zạ chị ba .ung ho qua ma sao ko cho em,0
Tân Bùi Duy Khá giống pha mù tạt =)),0
Bã nói tỉnh bơ ak,0
Thấy thì thấy nói giàu lắm có tiền lắm con ông cháu cha lắm. Ra nước ngoài dell có tiền về .Bệnh xạo lozzz thì vẫn còn mỗi ngày.,2
Eo ôi đứa nào thảo với bố théeee yêu quá huhu ❤️❤️❤️,0
Xin chào Ngài! may có sự xuất hiẹn trở lại của Ngài làm tôi thuyên giảm bệnh trĩ,0
Nghe khá hay😂,0
Giống nhau như 2 giọt nước. Mà mỗi cái là 1 giọt nước mắt với 1 giọt nước 💩 thôi ạ 😂😂,1
ông  ơi  sao một  số người  ở  hải ngoại  suốt,0
nè he,0
Xi - Men  tiếng pháp là tuần lễ. Các thiếu nữ phá đel bộ vòng nầy gồm 7 chíếc. Tượng trưng chl tuần lễ. Còn dân nầy mắc ngu quá nên đeo 70 chiếc.,2
Đoàn Quang Vinh dm quảng cáo,0
Chưa kịp hiểu sự đời thì muốn tử tử rồi,0
Con yên tâm bố cũng hòm hòm 7-8 triệu/tháng thôi nhưng vẫn lo được 2 bữa tôm hùm 1 bữa cua alaska cho con đều được :v,0
An noi vua phai thoi pn gi ma an noi kieu k co nguoi day vay,0
Ông bô bắn tay run vai lon - tùng sói said,0
😑,0
bác học anh bar ?,0
10 đời chồng từ 17:17 cho ai cần :)),0
teen gif ad ơi 😋,0
tết rồi thầy ơi,0
Hãy nhớ: con người hơn con vật ở cái ý thức 🙂,1
Lặng Táo Quân Vi Hành đổi lịch phát sóng rồi nhé chứ giờ Táo Quân sẽ không chiếu vào tối 30 Tết đâu,0
Thầy ơi em để ý thấy tiểu tiểu giống vị tướng này <3,0
"Nhung ơi là Nhung, sao mày báo đời dữ vậy Nhung...):",2
Quá chời quá đất Kon Tiết,0
Atm cao lãnh🤪,0
máy ảnh đúng rõ nét :v,0
Thầy ba said:,0
Bệnh viện đa quốc gia tài trợ cho chương trình này 🤣🤣🤣,0
nghi vấn Nguyễn Đắc Tú Đụ?,0
Xong,0
Nhật cũng có Nhật this Nhật that à 😞 đất nước văn minh con người được ca ngợi sống đẹp mà vẫn có một vài thành phần như thế thì bảo sao Việt Nam chả có chị N :)),1
Chửi thằng nguyễn sin đi chị thằng này ác lắm. Hình như mũi chị Hiếu hơi lệch á.,2
Trái tim sao to bằng anh lê bảo bình được ??,0
mặc cái quần giống thằng biến thái,1
Im mẹ i,1
"Nguyễn Jonh thật ra Mỹ chỉ chống học thuyết cộng sản nói riêng và những nước gây bất ổn cho thế giới, chứ Mỹ ko xem độc tài như kẻ thù bất cộng đái thiên nếu loại độc tài đó chỉ làm khổ dân nước đó mà ko ảnh hưởng đến dân nước Mỹ. Đến giờ các quốc gia",2
"Người hùng, nam mô a di đà phật",0
Anh này mà đưa lên báo thì hót hòn họt nhểy. Quên luôn cả mấy người kia luôn ấy :)),0
Khắc tiệp thì lấy Việt tiệp khoá mõm lại,2
Trai Trong Trắng m thấy sự đi lùi chưa =)),0
Mi Rose đâu cũng gặp thiệt luôn,0
Cô có khỏe ko?,0
sợ thật,0
bạn biết facebook của chị ý không ạ,0
Kiều Trinh đâu t chẳng đọc đc😎😎,0
Đẹp thầy ơi,0
Đạt Phạm m tag ông già m vào mà hỏi,0
bị ngu à,2
Căng quá các bác uiii,0
@Linh Kute sao e biết xa giỏi vậy.,0
Tại sao lại đọc vai rớt .vai rớt là gì vậy. Đọc tầm bậy,0
Cái này nên đưa cho các em mẩu giáo xem để các em biết đánh răng thế nào cho đúng,0
Anh Thi nào đi đăng ký rủ anh nhé.,0
Mấy thằng nhận được máu,0
Nguyễn Trọng Hiệp nước miếng :)),0
haha :9),0
Về vn ăn mau lol à.,1
Sat mui vo lon no co hieu no vua sau vua nao yeu nua,2
Mạnh Hoàng fa thì đừng ăn nx cho khỏi sợ bị ngộ độc 🥴🤣,0
"Cầu mong thần cá VOI và thần cá HEO giúp nhật bản qua đc cơn hoạn nạn này""",0
thực ra bên nước ngoài nghỉ phép thì vẫn được nhận lương nhé ad,0
đunga rồi anh ba chíp chíp chíp cũa em,0
Giống vl . Khác mỗi cái mặt 🤭,0
Tầm này cấm nhập cảnh hết 😢😢😢,0
Thôi để anh mình yên đi các pạn kikiki,0
@NGỌC TÂM lúc trước tưởng thật coi.con giờ huy đăng ký kênh luon.éo coi nữa,0
Đc vliz a ơiii..,0
Team Xanh vô phá nhà team Đỏ mà team Đỏ không dám ra team Xanh bá đạo thật hâm mộ quá ka ka,0
Đang nói chuyện này cái ổng bẻ lái qua chuyện khác mãi :v,0
"Phương Dung Nguyễn năm nào cũng cúng tiền, t mệt mỏi nơi bây ơi",0
Yêu thầy,0
Tao xịt máu mũi luôn á chúng mày,0
Vu Quynh Huong đó là 1 sự cân bằng hoàn hảo vãilone của tạo hóa =)))),0
Ở một diễn biến khác của các bạn nam triều tiên :),0
thg nào nhập a tôi vậy,0
Tèo Tèo tú joker ;))),0
Ông già nầy giả ngây giả dại mà nói nhiều câu chí lý hay ra phết. Khôn khéo chửi đổng như thế này thì chẳng mật lòng ai.,0
Con di,2
Mình tưởng yêu xa giúp chúng ta cao hơn 🤔,0
Phúc Hưng clm :))),1
"xuất cai L, đm quần áo Vn toàn nhập siêu từ TQ hết 70% chứ xuất xuất clm chúng mày",2
phải lạc quan lên thôi rồi cái gì cũng phải qua toàn dân có ý thức chắc chắn sẽ vượt qua,0
Cho em hỏi CEO là gì thế ạ :33,0
"Tui nghĩ là xe Merc sẽ có camera hành trình phía sau lưu lại xe nào quay được cảnh này. Tội cắt ghép clip này là bôi nhọ lãnh đạo, vu khống, xuyên tạc chứ ít gì.",2
Quá hay cô minh hiếu,0
Thiên cơ bất khả lộ,0
Đức Mạnh Chu ok nha bạn,0
thế thì sói lấy gì uống sữa ạ???,0
Tủnn Tủnn trẩu,2
Tại sao phải trả lời thầy,0
Phía cuối con đường......,0
"đền cái cc nhá, vào nước ng ta phá hoại, dân đéo đồng ý nhá, chỉ có tay sai cho tàu đồng ý cho vào thôi. Cút hết về nước",2
Hihi cười muốn sặc cơm luôn hihiiiiiii,0
gi vay abe :)),0
Nghe nói nv đc tốp xin một lần,0
"Tụi mày tuổi lồn, nói thế cho nó vuông",2
Huyền Khánh Phùng Anh mình lương 7-8 tr chắc k mua nổi rồi 🤣🤣,0
Th Lào làm gì có biển nhie,0
Vòng thầy hiệu trưởng hơi nặng :)),0
Hoàng Ngọc Hòa sũa cc,2
"đéo ai thèm làm ,vì họ biết khả năng của họ đến đâu",1
Miba young,0
Xem cái này chỉ muốn ỉa vào mặt mấy thằng cho xây tượng đài...,2
ỳe ỳe ỳe :33,0
Nguyễn Việt Cường ơ thằng này ra tù rồi à,2
"chưi con khỉ gì mà chửi, ae ko ngta qua lao động kiếm sống thôi mà, người vn thì phải đi xklđ mấy anh mới thu thuế dc chứ",0
Công ty anh ở đâu vậy :D,0
Thôi xong ăn lol rồi,1
"Thôi m ơi,chết vì corona lại mang tiếng đất nước mình",0
Hieu Do :)) wut,0
Bê đê sống thật đi chị 3D,0
Về đi Nam 🤧,0
Ông già lại bắt tôi quảng cáo ae ạ. Sói said. :v,0
gáy mạnh lên a,0
@Quynh Anh Nguyen xĩuuuuu,0
Thanh Tuấn Ủa có liên quan,0
Thầy éo đi show nữa ak 😄,0
Lan Vi quả này mưa rào r :)),0
cút . Cho nó nhanh,0
"Qua đài Loan mà tìm chứ nó mới giỏi , ngồi đó mà nói dốc",0
thien duong cs ngo that.biet tq mun hai vn ma van tiep tay cho tq,2
Xem mà  máu  dồn  lên  não  luôn,0
Ah Độ đẹp đôi với chị trang quá,0
Page PR k mà Thắm ơi hehe,0
"Đúng nghĩa "" Bóp Dái Cả Team"" Thầy đánh ntn Lủng hết rồi.",2
Tức nhiên mày xạo quá,2
"Thay vì đi làm tóc , tốn tgian , có khi còn đ ra gì ,t mua mẹ bộ tóc giả về cho nhanh =)))",0
Ngày này cũng tới,0
Quả demo làm e k ngủ dc =)),0
má coi y chang như nó nhìn mình nó chửi vậy. lol,1
Mày là đàn ông hay đàn bà,0
Nhà nàng ở cạnh nhà tui,0
trẻ trâu à,1
Hình như là ĐHCN TPHCM!,0
Guk,0
có 1 sự thật rằng nếu THP ko có nhiều tiền thì anh Minh sẽ ko ngồi tù ! Oke !Nếu THP ko có nhiều tiền thì giám định cái chai nó khác đi !,0
Ba gà,2
Sẵn đây e nói lun. Hôm bữa e có nhặt được cộng lông ở nhà nghỉ ac nào đánh rơi thì tìm e e cho xin lại 😁,0
tự nhiên lại nghĩ đến cái ngày a nghỉ sờ chim,0
✪Fan Tấn Trung,0
"Luật sư nước ngoài hét ra lửa. LS ở VN hét ra khói. Có lửa sẵn thì nó mạnh lên, còn không chỉ là đồ bỏ.",0
Mang cây ATM-cao lãnh ra đây cháu đg thiếu sữa =)),0
Ngộ l ghê ta ơi,1
Cút lên top đi...việc còn lại cứ để bọn t lo,0
"Biết nói gì đây, an bài rồi nên làm việc có phúc trước khi về với cát bụi!",0
Mình mạnh dạn dự đoán là Jack thích các bạn nữ xinh gái nha ❤️,0
nhìn ngon wa,0
Mỹ đập 456% thuế cộng thêm thuế của anh Bảy cà ri sắp bồi tiếp nữa thì Formosa chắc không qua khỏi con trăng này rồi. Chắc ai đó sẽ buồn khi Formosa đòi lại tượng 50kg vàng.,0
chú nầy râu mọc nhìu wa,0
Happy new year,0
Tài Lê Tấc nhiêng là mưu sự do nhân mà thành sự do thiên,0
Nghe có vẻ vô sinh nhưng lại sinh đôi,0
Cực kì thuyết phục anh ạ:)),0
Vẫn thua chàng trai có hàm răng trắng tinh này :v,0
Vn sao ko đề nghị bên dai lon tướt quất tịch trực khỏi dai lon về vn 1000 người sử nó,0
Lừa minh hiếu còn sủa,1
Hiệp Tis Trường Giang các cháu nằm trong thành phần nào :v,0
Câu của c kkkk,0
Chụp ảnh cưới ở Mộc Châu siêu xịnnnn,0
Xin video bác,0
Thằng trong fim said:,0
Không còn gì để nói =]],0
E điểm danh cmn hết rồi thầy khỏi lo :)),0
kenny you bảo thích ăn gà abe ơi,0
đã có Nas ! hãy cười lên các bạn .... cười cho thế giới biết chúng ta đang hạnh phúc như thế nào !,0
Vậy ? Cái tiền hỗ trợ này sẽ vào túi ai ? Túi thằng xin hả ?,0
Phat Huynh 2 trái mới dừa () :))),0
Stream trận nx ik a độ,0
Toàn ngu muội. Đi ra đó mà đánh đi.,1
Ko lẽ a tạo trend Trình Thoại,0
Cùng nhau tự bảo vệ sức khoẻ chứ k phải vì miếng ăn sợ dịch bùng phát mà tranh nhau đi mua lương thực nhà nc nói rồi lương thực vẫn đủ cho nhân dân nhé,0
Minh Hồng Nguyễn có vẻ mình ngược lại thì phải á c 😄😄,0
"Hiệp Đinh v m k biết đọc à, hãy viết trước khi đọc kĩ nha thằng óc cứt, mắt chưa rà hết chữ mà tay nhanh hơn não, mối nguy hiểm của xã hội",2
Toàn tin tào lao,0
Viết tiếng việt đi ấy ơi,0
Mía... Nó tức á. Chời...,1
Bảo virus corona nó sống trong máu thì thua :)),0
Chị xinh quá em tức quá chị,0
Tình yêu vĩnh cửu đấy :)),0
Chất khỏi nói,0
phân vẫn giữa chọn trường ĐH ở HN và HCM,0
Fa lúc nàyy 😊,0
Đéo ai bắt xem ??=}},1
Có vẻ ngon,0
Nói dối lm trái tym đau ....,0
đẳng cấp anh ơi,0
Tốt nhất khuya rồi thì nên ngủ sớm !,0
Già mà dơ zạy aba,2
Abe mang susan 0175 ra toàn thế giới :))),0
đungs v,0
"Sai ! Nhiều phụ nữ chỉ có cái loz là phụ nữ , còn đâu là sự xúc phạm nặng nề người nhìn đó bạn",2
Lê Trung Đức Thảo Uyên bữa nào rảnh 3 chị em mình vô net rồi quay clip reaction giống vầy cho mau nổi,0
"Mai á, ổng đi vòng vòng là toang.",0
Bóng đá là rường cột của đất nước. Nhờ những trận bóng đá này mới giúp được người dân Việt Nam quên đi nổi sầu Việt Nam vô địch địch vô.,0
Nghi vấn thầy chà trộn TTBL tu,0
Đm mặc sịp vào chim to vcl ạ =)))),1
Tiền mà k xem trọng sau này không có cháu mà húp,1
Trần dần bệnh tâm thần chuyện có nói ko chuyện ko nói có làm cho cả cộng đồng người việt ở Mỹ quá bức xúc truyền thông pho bolsa tv giống Trần dần bịa đặt chuyện có nói ko chuyện ko nói có,2
hay lắm ... tuy nghe không được hay cho lắm như mà vẫn thua Sơn Tùng MPT ❤❤,0
Toang quá toang =)),0
Lê Thị Trang đắt vcd,1
Nếu mày mua hàng thật giá 150k thì ko ai nói gì. Đây là hàng fake thưownc hiệu. Giống như m mua iphone nhái vậy đó. Thay vì mua con xiaomi chính hãng còn xịn hơn cái iphone fake,0
Các bác nên áp dụng gấp thôi,0
Vừa bằng nhiều chàng trai :)),0
Được a ưiii!,0
Bài này như lồn,2
Quá là phí thời gian,0
Những chú dâm loạn viên đâu tui muốn thấy cái mõm chó của mấy bạn,2
tự do vkl :3,0
Đi đâu cũng thấy mấy ông thuyết phục :v,0
Mấy thằng chó cs chắc tức lắm vì ng dân đã phá cái nơi cung cấp cứt cho tụi nó ăn.,2
"mình thờ ơ với nó, đến một ngày, nó sẽ đến tìm mình",0
"Hoàng Đàm Linh thế e hỏi là vd là bạn c bị chửi c có rút kinh nghiệm k ạ hay là c cũng muốn nghe chửi tiếp, ngta ý thức tốt từ trc đến nay rồi nhé ạ.",0
ủng hộ abe,0
Huỳnh Văn Tặng,0
Được em ơiiii =)),0
"Từ chân lý giả, tư tưởng giả ,đạo đức giả, đường lối giả , bầu cử giả, luật pháp giả nó sinh ra đủ thứ giả và sự dối trá, lừa lộc, xã hội này đã là xã hội suy đồi thối nát đến mọi rợ.",2
Thằng hề diễn trò cho mấy con lợn mặt nọng ngồi cười,0
Ở gần nhà có ông bị khùng chuyên mang quần trong dài hơn quần ngoài như vậy đi ngoài đường. Tính ra gu ăn mặc của a Tiệp còn đi sau cả ông khùng xóm e,2
Trung gì đây mấy cha :)),0
Việt Nam thì mang hàng xách tay ncov 19 về từ châu âu,0
từ thành phố Huế xuống Đô Đô có xa không nhỉ 😕,0
Thôi a ơi Nhím khóc đấy,0
Phải chăng đây là lý do ông này ko muốn cách ly .)),0
Cô thật là dễ thương,0
Về vn chơi vs hồ xuân hương kìa,0
Cho hỏi đây la 1 quần hay 2 quần ạ???,0
Lẽ ra phải cho dân diễn tập chống khủng bố trung quốc có lý hơn.,0
"Dịch bệnh không đáng sợ bằng ý thức, đạo đức của một số người 😟",0
Vào đó từ h oke chưa ??,0
Yêu em yêu đến vô cùng,0
Ế quá nên sale à thầy,0
Nói xấu vợ là cứ phải ngó ngó nghiêng nghiêng nhìn trước nhìn sau :))))),0
Ông im mẹ mồm đi :))))))),1
"chơi đi, về đi taxi nhé",0
xin hình gốc cái ông ơi =))),0
bts= .....,0
Thực ra chỉ có anh mus chơi còn thầy ba chỉ giữ mỗi nút space :)))),0
Nguyễn Thành Công thầy cố tình vậy để đỡ mất công biến về đấy,0
Đúng rồi phải cùng nhau chống giặc chống cướp ngày cướp trắng trợn chứ,0
Sao phải xoắn?,0
Lại bảo không giống đeeeee,0
Tr ơi,0
Ib tui tui gửi cho nè,0
Nhìn nhà tiên tri vủ trụ trần dần giống con chó quá trời luôn ta ơi .,2
Cái con Hoàng Lệ làm j dc j cho đồng bào mà lên tiếng! Ng ta làm việc tốt ko ai trả lương! Dù có động cơ j chăng nữa cũng chưa đến lượt mày lên tiếng! Cái loại ngồi Một chỗ phán xét người khác! Ăn hại,2
Thuong quá,0
T có súng đây này,0
Jaha,0
Tào Hưng đm khô máu :))),0
Nguyễn Uyên người có tầm nhìn xa và sâu vl. Bạn tôi đc của ló đấy,0
Ngô Thị Vân Anh,0
🤣🤣🤣 nước cống với nước suối,0
iPhone 11 pro max có ko,0
Nhật TùNg r xong sản sủa,2
Mé có cc hết được nghĩ gì vậy má 😨😨,1
Vũ Thanh Huyền khổ quá mà 😥,0
Mình đang thắc mắc là liệu có phải là cột điện không hay cột gì khác ? Khoảng cách giữa 2 cột điện đâu thể ngắn thế này ? .-.,0
Thầy về SKT rồi ạ,0
Người nói thật họ luôn nhìn bên trái...  Người nói xạo hay nhìn bên phải,0
Đầu cơ cả tỷ bạc tiền đất xung quanh đó rồi! =)) Phải chuẩn bị chứ!,0
"Tui thấy lãnh đạo vn nên câm mẹ nó mồm đi cho xong, đã lỡ tham nhũng rồi thì ở nhà luôn đi, mỗi tháng chuyển tiền cho nó, khỏi làm... Đó là cách tốt nhất để nhân dân ấm no",2
Gặp máy chị Ninja thì né luôn. trước mình đang đi lúc tắc đường có mụ đi giữa đường rẻ phải vào mua hoa quả luôn k cần xi nhê gì. :3 tức mà đéo làm gì đc bác ak.,2
Ngồi nhà xem trym chống dịch,0
oke anh hẹn anh 10g tối nhá,0
Đàn bà mắt bạn bị sau dạ,0
Linda Bui Phúc XO do bạn,0
“ trông anh có khác đéo gì thằng shipper cô độc không “ =))))),0
Cả nhà cho cô top 1 trending nào,0
Trên Cao Bằng bọn tôi đu cây suốt: A Độ said,0
Kinh tế thị trường định hướng đấy! 😉,0
Ủa có mở cửa khẩu hay kh thì mấy ng tự ý thức trước đi chứ ngang ngược trách bên trên mãi v,0
Cả năm không thưởng hay ngư nào,0
Chỉ muốn mãi mãi giống như đứa trẻ con k phải lo toan k phải suy nghĩ,0
Từ ngày xem mèo tom con tôi thường xuyên bỏ bữa :))),0
Ui dào tòan cái lũ tham ô tham nhũng. Hốc hết cứt của dân thôi,2
Thu Thảoo #Binsaid cô là mẹ tôi hơi bị lâu r đấy :)))),0
Đc vãi l bạn ưiiiiiiiii =)))))))))),0
Nghe giọng lứng quá,0
Sao tui khoái cô này noi chuyện ghê 😍😍 tối ngày mở lên coi cô chửi hoài 😅,0
Phươngg Bìnhh đổi 25 mảnh hàng hiệu đc 750 tinh hoa kìa,0
:( hợp lý,0
Anh độ mà đơ là con meu nó cho đống đồ chơi của anh đi luôn,0
Co ai biết fb cua chị nay ko cho minh hoi nha,0
"Bà nầy nói chuyện ko có văn hoá , ko biết xấu hổ",2
"0777866760,hihi",0
Mỗi đứa một nơi cách nhau cái màn hình muốn call không đc muốn chơi game cũng không xong :3,0
Coi chừng nha Abe đừng gáy như yásuo nhiều quá nha,0
Dậy thì không thành công ☺,0
Ngoc Chu đme đang ăn sáng 🙂,1
🤣🤣🤣🤣🤣,0
Cái tập đoàn dacosan rước giặc đây mà,2
giọng cười phu thuê 😂,0
tuyet voi,0
Chen ơi em ko biết luôn. Người chuyển giới,0
Chơi đthoaiii cơ 😂,0
"Chao minh hieu, hom nay thay minh hieu dep gai qua ha",0
Hồ Sỹ Hải do bạn nói đúng,0
