comment,label_id
cô dâu vô phúc mới gặp đúng nhà này.,0
Sao phải che mặt bà ý lại vậy,0
Hên quá k gặp loại nay,0
Hay cho câu  nếu là cháu trai tôi sẽ cho nó 1 danh phận,0
Nếu là tôi chết tôi o tha thứ,0
nhà bà chắc giàu nức đố đổ vách à hay sao mà tìm người đẻ để thừa kế tài sản. con dâu bà vẫn còn hiền đấy.,0
Mẹ làm khổ các con . Tôi 2 con trai \, dâu sinh con nào tôi cũng quí cũng thương .,0
ở chổ t có vụ giống vậy nha\, 2 vk\, ck 2 bên đều giàu\, sinh đc 2 đứa con gái bà mẹ ck xúi con trai kím con trai ở ngoài\, vk hay li hôn\, ông ck lấy vk khác cũng sinh con gái\, rùi lại kím ngừi khác đẻ con trai mà vẫn con gái\, còn sinh đôi cặp sinh đôi này thì ko đc bà mẹ ck nhận,0
Nhà t mẹ ck t muốn t đẻ con gái mà nó tọt ra con trai đây😂😂,0
Lẻ ra theo kịch bản là bb3 đẻ con trai\, và chồng bỏ chính thất theo bb3\, mc thì đuối con dâu ra khỏi nhà để rước bb3 về\, mà dỡ là bb3 đẻ con gái😂,0
K thấy nói là bồ sinh con trai hay gái nhỉ😂,0
Nghe câu chuyện mà đau lòng mẹ ck mình đây cũng đi kiếm con mới có dc ck mình \, vậy mà mình ko có con trai bà cũng lén lút cùng con trai đi kiếm đứa con để nối dõi tông đường đây,0
tôi chứng kiến rồi đứa nào làm nghề này hậu vận kg ra gì cả,0
tránh xa bọn nó ra ko nó cắn cho là bị dại đấy,0
không biết anh trai dạo đi bán dưa hay đi chăn nuôi r,0
Cán bộ ạ\, gương xe đâu,0
Chú Ca này bạn tao \, thanh liêm nha,0
sao ngoài bắc ca họ mặc áo dài thòn vậy ta,0
Thời ông tô,2
giờ ra đường dân thì sợ CA \, CA thì lại sợ camera😂😂😂,0
Giờ ra đường gặp công an còn sợ hơn gặp ma,0
Cán bộ đi xe ko gương kìa,0
Thì ra đi xe không gương bị phạt là dành cho dân.,0
nó mà căn là không có thuốc chữa đau,0
làm công an mà sợ hả,2
thằng áo xanh còn quên không đeo biển tên kìa,2
Đây là công an sao 😭,0
hống hách nhỉ,1
cướp thì sợ bị quay lắm😂😂😂,0
Thái độ hách dịch,0
CA giờ toàn lấy danh chèn ép dân thôi,2
hơn nhau bộ quần áo thôi,2
Những video như thế này làm ảnh hưởng tới nhữbg người làm nghề chân chính 😠,0
ai mà leo lên như dậy..thật phản cảm,0
wow thật tuyệt vời 💯,0
Quay video như này...những tiệm người ta làm đàng hoàng cũng bị vạ lây...và thành ra các ô cũng mất hết uy tín,0
Which country,0
đc ở đâu vậy e,0
xin địa chỉ sft mai ghé . dẫn bạn trai ghé e,0
Dùng càng cua cạo êm hơn máy,0
bảo sao cánh đàn ông thích ra ngoài...,0
đừng làm những video này nữa\, làm ô uế nghề của người khác,0
cạo ngày 5lần,0
😂😂 Gtri còn đâu,0
wah kalo suamiku digituin langsung pisahdah😅,0
Nhiều người ko đồng tình vậy. Trong mục báo cáo có nội dung gây sốc và phản cảm ý ạ !,0
s công an k vào cuộc nhỉ \, ô uế ngề tóc của tui quá,0
Ba mẹ tự hào về em 😆,0
uớc đuợc thử lần❤❤,0
တော်သေးတာပေါ့ မျက်နှာပါ ပွတ်မသွားလို့,0
có vụ này à...ghê thật,0
Cho xin ảnh gốc:))))(,0
Giống t ngày xưa \, đi tụt quần mấy thk trog lớp 😅😅,0
che chi dậy 😌,0
anh dám thờ ơ với toi à :)),0
Ô mai gót..ko ngờ luôn,0
ủa ko bất ngờ dì hết hả 🥰,0
không ngờ đến,0
còn biết dòm dòm xong ms tuột là còn cứu đc.,0
lậy bố,0
t tưởng lại ôm😊,0
xin bản gốc,0
này thì ko chịu xách quần này 🤣,0
bạn em nhờ xin video gốc😞,0
kp lần đầu 💔,0
ê xin clip gốc để ấy 🥰,0
Bà nào đầu thai thành cái máy quay sướng,0
vid gốc đâu🤣,0
như 1 thói quen:),0
tao đảm bảo tô lâm ko thấy🤣🤣🤣,0
chả nhẽ 100.000.000 dân lại thua mấy thằng áo vàng này !,2
đấy là nhân cách của tụi CSGT,2
lợi dụng luật pháp muốn làm gì thì làm,0
luật của thằng lâm mà,2
hèn với giặc. ác với dân là gì \, là gì nào,2
Từ ngày cụ Lâm TBT csgt càng ngày càng lộng hành,2
Sợ hơn cả gặp cướp,0
Dân quá hiền \,quá hiền và quá hiền,0
hình ảnh dũng cảm của người chiến sĩ công an nhân dân VN,0
bọn công an giao thông nó chỉ biết lợi ích cho nó để bẩy dân lập chốt gay cua rất quy hiểm còn cầm cây đánh dân cái bọn rác rưởi lãnh đạo cấp cao nhìn thấy hình ảnh này nghĩ sau về cấp dưới của mình,2
đấy gọi là cướp có giấy phép.😌😌😌,0
Bác tô lâm trước đây cũng làm công an thì phải,0
Lực lượng dân gets nhất,0
thằng công an chú bộ đội,2
không chấp nhận được,0
Bác Giang lên ngôi dân sẽ phát triển mạnh mẽ,0
giao diện mua bằng cấp 🥺,1
Công an lộng hành quá,2
Giống video hoàng kim ngọc nhờ😂😂,0
Lở đu tren xong về luỵ anh đó lun r seo tr,0
Sao bạn nữ này dc ôm eo a này\,mà có mấy clip ko dc ôm eo mà ôm bình xăng ko à,0
Cáp Nhĩ Tân có trai 6 múi bế đi trượt tuyết\, Trùng Khánh có trai đẹp bế đi đua xe. việc của chị e chúng ta là PHẢI CÓ TIỀN😆,0
Trend này mất bao nhiu ạ,0
Bầu 9 tháng đi được không shop ơi,0
T mà giàu chắc t đổ đốn dữ lắm đây \, bảo sao ông trời không cho giàu 😂😂😂,0
cũng muốn đu trend mà sợ chồng chia khúc🥺🥺🥺,0
Cái giá phải trả cho zụ này là bnhieu b ơi 😂,0
400’tệ là bn tiền việt ạ?,0
Mấy má lập team đi nhắn t với nha. T có mình k dám bung lụa cần tìm những con người đi cùng nà hhhhh,0
Rồi hắn bế được đứa như tôi ko 🙄,0
trend này t k đu đc....huhu... t sợ bị ng chia làm 2 mảnhhh. 1 mảnh bị thả trôi sông....1 mảnh trong thùng xốp 🤣🤣🤣,0
400 tệ qua trung sơn còn sướng hơn trùng khánh😃,0
vài ngày nữa là t đẻ r còn đi kịp ko =)),0
Họ quay luôn video cho mình hả b,0
Thích quá ak,0
Giá cả tui đu được\, nhất định sẽ tới :))),0
Tour đi du lịch bn ạ,0
Xin giá tour,0
Lịch sự như Tây 😂,0
ko hiểu ạ ai giải thích hộ e vs,0
lịch sự như Tây \,chơi như tụi Mỹ,0
cần con người giải thích ạ,0
ng trog nghề mới hiểu phê cỡ nào,0
ngủ 8tiếng trong 15p,0
là sao vậy,0
là sao:)?,0
hút ở chộ nào đấy ?,0
trước có lần t nhậu xong ngủ bên trọ thằng bạn thấy anh nó với 2 ông kia uống như này t chả hiểu gì t cứ tưởng uống nước hoặc cấm điếu thuốc lấy khói 🙂,0
lịch sự như Tây,0
cái j vậy ạ,0
Nước pha nicotin à,0
lịch sự như tây\\
An Tây,0
ống hút 1 chiều ko lo ống hút 2 chiều mới là vấn đề đấy,0
ai xem nhật ký tao flo hết,0
hey siri giải thích cho tôi,0
ai giải thích hộ vs,0
t đã từng...,0
ng hà tĩnh phải ko ạ,0
Qua bà _tranmylinh002_ xem body thì siêu nét á,1
Tui thấy ae hơi quá đó ae ơi\, quá khứ người ta mà các ông cứ nhắc đi nhắc lại rồi chửi người ta này nọ chi vậy,0
Đẩy thuyền cặp đôi này,0
timm 30s check hộp thư,0
ê bây thử nhìn kĩ vô cái áo đi,0
Tim 1s gửi luôn,0
tim 30s check thư,0
Thấy bảo có video mới mị:),0
áo lá đâu má,0
sao bằng _tranmylinh002_ được :)),0
E coi a là gì,0
tim gửi từng đứa,0
tim là có,0
tim 30s check hộp thư nha🥰🥰,0
Chuẩn bị có tập 2,0
Vừa xem bên bạn vuhot256 lun,0
tuổi này hồng lắm,0
Móng chân của _tranmylinh002_ nè,0
tim 1s có liềnn,0
Tao thích được ngồi sau anh này,0
t tưởng boy phố ko đi thắng,0
sao cx đc miễn t ko 🤕👻 là đc 😇,0
tr ơi tr thấy mà t sợ luôn â tk ngồi sao k sợ hả,0
ra đường chạy vậy là ngầu á hả?😂,0
1 video chục thk đăng,0
mê tốc Độ mà sợ té 😅,0
xin vd gốc ạ,0
chạy chậm thôi ko lại khổ bố mẹ 🍀,0
xe có làm bài j ko,0
tiếng xe đã v🥰,0
thg ah t mỗi khi thất tình😊,0
cx ngầu nhưng hơi sợ,0
1 vd t thấy chục vid😂,0
🗣️: m ơi t nhớ ẻm quá\\
🧠:🙏🙏🙏,0
tb t khi ngồi sau lưng anh t😞,0
Có ngã thì đừng làm khổ ai nhé,0
tao biết mày thik nó nhưng nó ko thik mày,0
tạo sợ😥,0
ngày a mất em là ngày a mất mạng hả=),0
Thấy tội tội😁,0
Nghĩ thế là oai,0
kiếm chuyện đi lẻ lúc đó lại hét sọt :)),0
diễn ak,0
Tối nó gặp lại khóc,0
sao chạy nhanh thế phải ở lại hỏi tiếp chứ,0
Đến lúc đi lẻ lại khổ,0
Thằng kia kiểu nhớ mặt bố,0
nhìn mặt tội vãi,0
Thật ra đường nhà em đấy,0
đường nha bố😌,0
nhìn thấy anh áo hồng thấy tội tội,0
đúng là lãm làng Bắc bling khét thế quá ah ơi,0
Chẳng lẽ được nhà may,0
tưởng thế là ngầy,0
khoe quán kia kìa,0
khúc sau vào quán nhà nó🗿,0
ngầu thế,0
tội thật🥺,0
chạy nhanh,0
sau vụ này khg còn cơ hội nữa đâu sẽ phải dẹp thôi,0
Chị rất đúng trả tiền rồi là phòng của mình ai cũng biết chỉ tháng này ko biết,0
Chính xác người ta trả tiền ko ở của người ta muốn sợ uổng ko ai ở phải gọi hỏi \,định cho thuê kiếm tiền riêng bỏ túi,0
Khách sạn này xứng đáng được nhận 1 sao .,0
Nó ăn bữa dỗ \, thì lổ bữa cày ròi KSạn ơi \, nếu là nhân viên thì đuổi nó đi,0
KS này phải phạt thật nặng.tịch thu giấy phép kinh doanh,0
bảng chất con người văn hóa nước ngoài nó vậy😂😂😂,0
có map bài gốc k ae,0
đơn giản\, thằng lễ tân muốn bỏ túi riêng phần tiền cái phòng đó bán cho khách khác.,0
làm ăn như này thì đóng cửa luôn cho r kinh doanh làm j mà ko giữ lời,0
Khách sạn nầy láo thật!!!,0
chắc ks sẽ phải đổi tên,0
Khách đặt 3ngày RẢ tiền 100% thì 3 ngày đó khách sẽ được toàn quyền sử dụng.KS ko được phép cho người khác thuê.KS sai 100%,0
Dẹp ngay KS này,0
cướp cướp,0
phân bua chừng nào sai chừng ấy,0
Biên bản vi phạm là bí mật quốc gia. Đưa cho các ông vi phạm đăng lên thế giới nó cười cho à. Cứ nộp phạt rồi về thôi,0
Cái chính quyền này đến bao giờ bớt thối nát để dân bớt khổ nhỉ,0
đại úy sao ko hiểu luật . đã là văn bản mà sao gọi là mật .,0
nghe giọng giống Lệ Thủy\, QB phải ko ta?,0
tốt nhất đuổi về nhà nuôi con ton tiền nhà nước,0
Bí mật Quốc Gia. Nghe thật hùng hồn.🙄🙄🙄😂😂😂😜😜😜,0
Văn bản mật ??? Hiến pháp \, pháp luật quy định thế nào là mật ta ! Có hay ko ae tư vấn pháp luật giúp,0
coi chừng nó đi chổ khác làm chức cao hơn nữa,0
Thời của chúng nó mà,0
Quảng Trị :)),2
những người học cao làm việc ăn nói giống mấy người ngoài chợ bán cá á lúc nhỏ mình nghĩ người ăn học làm việc chắc rất lịch sự nhưng kg đa số những người làm việc toàn những người ăn nói ông nội ông ngoại kg,0
Văn bản là mật của bộ công an 😁😁😁😁,0
Vậy đó chỉ có bác Giang lên đất nước mới thay đổi kg còn cái cảnh này nữa khổ dân quá,0
người dân không biết loại văn bản nào là bí mật. nên đề nghị nhà nước công bố rộng rãi loại văn bản nào là cấm không cho người dân biết và viết ý kiến của mình vào. tránh gây khó dễ cho người dân.,0
Hài nhỉ,0
biên bản phạt mà mặt\,\\
vậy là biên bản giả\, mới không giám cho dân coi\, lợi ít nhóm chục lợi cái nhân biên bản không có biên lai gốc,0
nghe bọ là khiếp rồi,0
10 điều bác hồ dạy đâu rồi phục vụ dân hay phục vụ cán bộ nhỉ vì dân hay vì mình nhỉ,0
100% dân parkycho di cư vào nam 😂😂,0
hay quá thảo my ơi 🥰🥰🥰🥰🥰,0
Công an vào cuộc sử lý ngay,0
Đoán vội 36,2
36 khỏi đoán,2
Parrkky chắc nuôn,2
nhìn mặt là biết dân Bắc,2
Ai cũng bảo 36 nhỉ 😅,2
đoán 36 chắc,2
Ở quận 1 có 1 nhóm Hoa thanh quế chuyên làm nghề đánh giày này cả 20 năm nay r,2
đánh giầy da số là miền ngoài thôi,2
tại Sài Gòn nhưng người đánh giày là người Bắc,2
Sao bảo người Miền Nam thật thà lắm mà,2
Dân bắc chứ ai ngồi uống cà phê thấy Hoài,2
Bịch táo 200k\, 3 trái thơm 500k\, Taxi 50m 500k\, đánh giày 500k. 😩,0
Thiệt ko phải pbvm chứ cái mặt này 100% ở ngoài đó dô.,2
Parky né vội🙂,2
Lâu lâu ở sg dc bị 1 vụ là parky mừng lắm 🤣🤣\, vô khịa liền 🤣,2
50k là nhiều r,0
100% parkycho.,2
Bà hằng nói về nhà tù có sai đâu,2
Bố nó là ai 🤣,0
Đã là tin đồn thì là có thật,0
Nhà tù họ phân khu rõ ràng và khu nữ cũng chỉ có quản giáo nữ thôi,0
ủa sao có tin bà này ra ngoài rồi,0
Điều tra lũ giám thị liền 😂😂😂,0
Khiếp nếu mà như cô Hằng nói thì mấy thằng giám thị đớp hơi sâu,0
cho biết bố bé 🤪🤪,0
vợ từ là có bầu.nha nước muốn tăng dân số thì hiểu phải làm gì rồi he,0
Vài bữa nữa bảo QLinh có bầu😂😂😂,0
mấy ông chủ quản,0
chắc của tao 😂,0
Thế ng ta nói gái xinh vô tù sẽ bị mệt trong đó là có thật hả.😂,0
Chắc là của thầy ông nội r,0
chắc tướng tá nào thôi😄😄,0
Cái j titok cũg biết hay ta,0
cô hằng nói quá chuẩn\, vì chúng nó tự ra luật\, luật pháp là của nó\,chảm hết nếu như là thật\, cả một bè phái bảo chế cho nhau cả.,0
Dễ sợ,0
có bầu để lễ tranh pháp luật,0
chờ tin quang linh mang bầu,0
Mình hỏi thật\, mình không biết bạn này nam hay nữ v ạ,0
con gì vậy,0
Hứa Khải VN 😋😋😋,2
Sao ngta mặc thấy phản cảm mà bà mặc tui thấy đẹp quá tr🥰,0
chị có nghĩ về Việc qh nữ ko ạ 🌚em đang dần mất hết nhân tính của mình,0
Angela phương trinh t2 😂,0
rồi e là nam hay nữ mà đẹp zay,0
Chồng mình mà đẹp như này có phải chuyện đẻ làm mình phấn khởi hơn k,0
nhìn bà này cuốn hơn angela phương trinh nhiều nhìn ôg trinh sợ sợ sao á 😂😂😂,0
chuẩn 1ck 2con nha mn .pt của e gái mình á.👍,0
Mún chiêm ngưỡng nhan sắc này phải đến đâu ạ,0
sao mò góc mặt giống nam dị,0
Phải thật tỉnh táo 🤦,0
kiểu như bb Trần hay Hải Triều ấy... có thể diện thời trang và trang điểm cả nam lẫn nữ....kiểu nét đẹp phi giới tính,0
Nhìn bó sát nhưng ko phản cảm 10 đỉm 😂,0
Nv nhìn sao nhận ra nàng là nữ ☺,0
Con người gì mà đẹp dữ dị trời.,0
anh xãaaa quay phim tập mấy ạ 🥰,0
Tao thích cgai . T thích cgai . Mô phật … t sao vậy nè 😑,0
Nụ cười của t dần mất nhân tính rồi mấy bà 😁,0
Ủa giống Anh Áo Đen quá vậy,0
anh áo đen mà,0
Vãi cả con với cháu làm hình thờ z đấy,0
xin lỗi vì nhìn ảnh 🍀🍀🍀🍀🍀🍀🍀🍀🍀🍀🍀🍀🍀🍀🍀🍀🍀🍀🍀🍀🍀🍀🍀🍀🍀🍀🍀🍀🍀🍀🍀🍀🍀🍀🍀🍀🍀🍀🍀🍀🍀🍀🍀🍀🍀🍀,0
chế che mắt thiên hạ dó😂,0
tội con ngta,0
ảnh kẻ chân mài hơn chỉ nữa 😇,0
Make up cô dâu 5tr - Make up chú Rễ 15tr,0
Khứa áo đen hả😁,0
Ủa ông này là anh áo đen à,0
Nhà bây giờ cất lầu đa số để bàn thờ tổ tiên tầng trên cùng. Vậy khi đám cưới sẽ thỉnh bàn thờ xuống trệt hay lên lầu thắp hương vậy mn,0
t nghi ngờ là sắp xếp😌,0
Anh áo Tím 😅😅😅,0
về tranh son vs vợ😂,0
nụ cười chất lượng ☺️,0
cái hình đúng tươi thiệt chớ 😆,0
ủa đại An hả bây😳,0
Tôi chỉ thấy ấn tượng với quả ảnh thờ,0
Lên phim chắc a gồng dữ lắm,0
mày chưa nghe pun bị mẹ mắng chưa,0
Người ta bị bệnh má ơi,0
Sự nuông chiều tạo ra kẻ vô dụng,0
Tao thấy bth mà 😀😀😀,0
chịu mấy con thấy bth,0
Ủa bame người ta chiều thì sao ??????😬,0
Bắt bố mời ?,0
ghen tỵ hả?,0
Tau thấy ba mẹ ngta thương ngta thôi mắc gì ý kiến nhiều dị,0
Ê Thật ra nó cũng bình thường ý cái câu mà tại sao bố không mời con Chỉ là trêu bình thường thôi😀 bình thường tao cũng nói với bố tao như vậy,0
Bố mẹ ngta chưa nói thì thôi,0
Ko có tính tự lập,0
H có vụ bố phải mời con ăn cơm à😳😳,0
dấu hiệu của sự ghen tị,0
chắc do t được chiều nên t thấy bình thường đến lạ🥰,0
Ủa bth mà bome ngta thương con của ngta sao nói quá lên v,0
T thấy bth mà\, nhiều lúc t lười gỡ xương cá hoặc là gặm thịt gà mẹ t cũng gỡ xương với lấy kéo cắt thành miếng ra cho t á (t 18t nha),0
ủa vậy t thấy bth mà,0
có tiền thì có quyền \,,0
ê bth á má bme thương con thì v,0
Bảo sao nghèo mãi kh giàu nổii,0
Bà ấy nói cũng k sai đâu! Đa số đi làm từ thiện có mục đích cả mà,0
Tốt nhất là đừng liên quan đến vụ làm từ thiện rất nhiều chuyện phiền phức tốt nhất là có lòng hảo tâm thì gửi vào ủy ban mặt trận tổ quốc là ok,0
Đi nhận quà từ thiện mà như bà nội ngta :)),0
có giọt nc mắt nào k vậy😂,0
biết sao nghèo mãi k giàu chưa cô ?,0
Có trong danh sách t gạch tên luôn,0
cứu vật vật trả ơn \, cứu ng ng báo oán😅,0
Cô nói củng có phầm đúng chứ củng kg có sai đâu,0
T thấy bà cô đó ns dung á,0
hình tượng? có giàu được k,0
tội bà nhân dữ vậy trời 😅,0
nhảy dô họng ngta k r sau ngta nói tr😔,0
thử một lần nghèo đi\, thử một lần chờ đợi để nhận được thứ gì từ ng khác đi tụi mày sẽ hiểu.. chỉ có ng nghèo hieu ng nghèo thôi.,0
=)))) kphai ng già nào cũng đáng kính,0
từ thiện cả trăm ng chứ phải riêng một ng sao mà cứ phải tới có có liền z tr,0
Bà nhân ráng rặn lắm mà ko ra giọt nước mắt nào :))) 😂,0
Có khi là diễn đó mấy má :))) quan tâm nhiều làm gì,0
khỏi từ thiện khỏi bị chỉ trích,0
riêng mình thấy làm vậy còn cản đường hơn,0
ip17 kìa đúng ko các bạn=)),0
nếu z vượt đèn đỏ có bị xử phạt ko ạ,0
xe này có ưu tiên đâu vượt đèn đỏ vẫn phạt bth,0
Mặc đồ chạy xe ichang cảnh sát hình sự 😅,0
cách nào để mình biết xe đó về đâu mà mở đường v ạ,0
video ý nghĩa thì người Việt Nam ko tim chịu😅😅,0
Ủa sao khúc cuối mỗi người đi một hướng v,0
may né chiêu kịp,0
Tối qua e chung đường vs a ne nghe tiếng còi là nép sang bên liền chúc anh luôn nhieu suc khoẻ nhé,0
10đ anh ơi🥰🥰,0
toi mê lòng yêu thương của ôg và tôi thấy xe đẹp quá,0
Chúc ah luôn hạnh phúc 🥰,0
nể những ng dũng cảm lái xe nhanh như v\, nếu t mà ngồi trên xe ảnh chx cần lái chắc lúc đến bv là nằm chung phòng vs ng cấp cứu quá,0
ý là ai hỏi,0
ai mượng,0
xe anh đẹp lòng anh cũng đẹp á,0
là sao vậy (tớ ko hiểu lắm có j sai thì cho mình xin lỗi),0
hay quá anh ơi,0
toàn tiền của dân cả đấy,0
vf9 lạc hồng 💀,0
vô sân bay Long thành kiém mó tièn chü thäm mę gì,2
dân thì nghèo\, quan thì giàu,2
Tô là vẽ\\
Lâm là rừng\\
Vẽ ra luật rừng 💀,2
Gì mà phải cần nhiều như vậy không?,0
Vì sao Toyota land cruiser được cơ quan nhà nước rất ưa chuộng vậy ạ😃,0
xe vin đâu không thấy 😂,0
tốn tiền của người dân,2
Ngày xưa bác Trọng. Có như này kg nhỉ các bác.,0
đi như Bác Trọng cho nhẹ tiền 😂\,bác tô lâm đi này bt bao nhiêu là xăng,2
VN an toàn mà sao nhiều xe hộ tống quá vậy?,2
tốn kém,0
Ko có chiếc xe điện nào nhỉ ae,0
Có 1 TBT đi mà đoàn xe 20 chiếc 7 chổ chưa tính xe CSGT thử hỏi có lãng phí ko mn,0
Sao ông biết TBT tróng xe vinfat😅,0
toàn tiền thuế của dân không đó,2
Ko phải quảng cáo thua xa Bac ho va bác trọng,2
khổ dân đóng thuế,2
“Những thứ to hơn bạn nghĩ..”,0
quạt ba tiêu hả má,0
định quạt bay ban giám khảo ạ?,0
quạt ba tiêu...,0
ở đây sao khi cu hướng 🥰,2
à thì,0
có vậy thôi hả,0
nhìn là biết có giải,0
múa bài gì mà khủng dữ z,0
@luxx. Những thứ to hơn bạn nghĩ🤯🤯,0
Cây quạt nhỏ xíu mà kêu to,0
Thì ??,0
đó là chem chép t 💔,0
đoán trên 100k tim🥰,0
về mẹ hỏi ủa cái rèm với cái cây roi đâu rồi...,0
làm cái đầm còn đc 😔,0
Tui tin bả,0
Trục lợi để kiếm tiền trong sự khó khăn của người dân,0
6 chai nước đứng chờ 4 tiếng hả kk,0
1 phần quà : thùng mì +nuoc = cỡ 100k,0
nói chung là của ít mà lòng vòng,0
Chưa bao giờ thấy đã bỏ tiền bạc thời gian công sức đi làm việc thiện rồi\,giờ phải đi lên giải thích nữa .riết hết ai muốn đi làm việc thiện luôn.,0
Diễn là diễn miễn giải thích,0
Đúng là làm ơn mắc oán,0
Nước mắt cá sấu \, chả có j tốt đẹp. Từ tâm thì quay làm chi,0
chẳng qua đi cũng vì lợi lộc cá nhân về sau,0
Kệ đi C . Để tiền đấy nuôi gđ cho làng,0
Diễn quá diễn,0
đúng rồi \, đi phải có lợi nhuận chứ ai rảnh mà đi không,0
Xã hội bây giờ có vẻ đang đi theo xu hướng từ thiện hoàn hảo tức là\, bạn người cho đi\, và bạn bắt buộc phải chiều theo người được cho,0
đi lm từ thiện mà áp lực quá thì để tiền để tg ở nhà vs ck con cho khoẻ Nhân ơi. thấy tội em !,0
bỏ tiền túi ra làm từ thiện cũng bị nói hả trời,0
đang kê khai từ thiện.kkkk,0
Cho là bả diễn cũng được đi mà thấy cũng giúp được nhiều người mà mng cứ như vậy chắc sẽ kh ai dám làm từ thiện nữa luôn quá 😳,0
ngta bảo bắt ngta xếp hàng đến tối. phải ko mn?,0
Ai phát quà mà phát tối. Dân đi về đêm khuya cực\, vả lại chắc họ đói nên quạo á. Sao Nhân ko đi buổi sáng. Nếu ngày đó có việc thì đi từ thiện làm ji. Mình đã chọn ngày đó thì lo sắp xếp cviec để đi sớm trước. Giờ mang tiếng nè.,0
Đại tá Lê trường quân nhaa,0
bố em cũng làm trong bộ ở chỗ nào,0
CA giả đầy ra. Ko cảnh giác lại mất ngay con xe,0
Bố em làm trong bộ thì mạnh miệng thật,0
Thứ 4 chống đối ng thi hành công vụ thứ 5 lên đồn,0
thằng bé nói đúng CSCĐ làm việc ko có giấy tờ nhớ cs giả thì sao,0
bảng tên a trong này 🤣🤣\, vậy e cũng bảo giấy tờ trong túi em có đc ko các anh 😄,2
chuẩn đấy e,0
em trai quá hay,0
về quận trình bày...ko tránh luận...,0
các ông giờ đi làm toàn bịt mặt che biển tên sao pải sợ,2
các bố gia mà giữ đảo kìa,0
Không cho quay video sao biết công an làm đúng hay sai,-1
chuẩn đấy em,0
quá giỏi em,0
hay lắm em trai oi,0
bây giờ thật hư ko biết đc,0
Thằng bé hay đấy,0
ai chữa ko,0
Đã bị dẫn độ từ HQ về làm j mà live nửa,0
Vì tin những lời nói này mà da mình nát bét,0
cô này diễn hay\,,0
mình đã trị nám tại Mailisa và hiệu quả vượt hơn mình mong đợi cảm ơn malisa.. mình luôn đặt niềm tin ở THẨM MỸ VIỆN MAILISA,0
tốt nhất lúc này lên im lặng là vàng,0
Mong mailisa bình an để còn làm từ thiện cho nhiều gđ khó khăn,0
Lúc này là lâu rồi mà,0
chân chính ko có giầu thế đâu.,0
chị mai anh khánh mãi đỉnh,0
chị Mailisa ko cần lý giải đề khi cqcn báo tin rồi mới yên tâm nhé 😅,0
làm ăn trong chính thì sẽ không giàu .,0
người làm ăn chân chính không dể gì giàu,0
Càng nói càng sai lạy ông tui ở bụi này đó😂,0
Chân chính mình làm hai mẹ con tốn 70 triệu mặt đen thui,0
E theo dõi c lâu rồi...C ấy giỏi thật sự...mk c ấy tốt mk...nếu sp ko tốt ..khách hàng sẽ ko tới nữa..giống như mình đi cắt tóc ..chỗ đó cắt ko đẹp..chắn chắn mình sẽ ko tới,0
Chân chính hèn gì mau giàu thế,0
nếu sai làm sao đã dc hoạt động xong hnay thẩm Mỹ của người ta đã hoạt động rôi mà,0
clip này lâu rồi,0
công nhận xăm ở nhà mailysa chất lượng thật \, mình xăm mấy năm mà chưa bay màu \, nhỏ em xăm bên Linh Anh về mấy tháng bay hết trơn,0
đây líp lâu rồi giờ quay lại,0
A cần lấy lại hay gì e chuyển cho a😂,0
vừa lòng tui lắm,0
Đang diễn để mấy cha youtube quay 😂,0
từ đầu tui đã thấy nghi nghi rồi 👍,0
haha r cũng đến lúc này mấy anh Youtupber đã sáng mắt ra 😁,0
Hello 😂,0
Kiều có STK luôn mạnh thường quân ơi 😂😂😂😂😂😂,0
kêu gọi mtq k nên ủng hộ cho người k xứng đáng. nh người già và trẻ e mồ côi đang cần giúp họ ạ,0
Tao đợi ném cái thao ma mà không thấy kkk,0
Giờ có tiền nhiều dị luôn. Em cần anh chuyển cho anh . Dữ dị bà,0
zô zô,0
chắc ăn chia không điều nên cãi nhau nè.,0
ban chất của con người nó nằm trên khuôn mặt của nó mà sao ko thấy\, tôi mới nhìn lúc đầu là thấy rõ rồi,0
có ai nhớ bà ĐẶNG hôn ta sao nhìn bé kiểu giống quá he,0
giúp đỡ mấy bé mồ côi kia,0
Mô Phật,0
Con tui ở Sg học phí 2 đứa có 3 triệu nghe nói con nó 2 đứa 7 triệu😂😂😂😂😂😂😂😂,0
quá trời quá đất luôn rồi 🙏🙏🙏,0
Vừa bụng tôi quá\,,0
Nhỏ này hun dữ zị tar 😅,0
Cũng nông thôn đây,0
Nông thôn chỗ ny mình😂,0
Hôm mình đi đám cưới nông thôn ở trung quốc nè,0
tùy nhà nè t cũng lấy chồng ở nông thôn,0
nhiều đứa con gái vn đang ao ước lấy ck tq lắm🤣,0
trời ạ.cô dau chốn là bình thường ạ.lay phải chồng nông thôn nghèo ngây xứ lạnh nữa là coi như ko tu 3 kiếp,0
rồi giao giữ chưa,0
qua lấy vk bên đây là ngèo k nha\,tui có ng bạn tq nó nói Vy á,0
trời trời,0
ở đâu cũng có giàu nghèo mà chị . lấy chồng hạnh phúc là được r nè . còn muốn lấy tiền đi làm …,0
họ nghèo như họ lo cho mình có 1 hạnh phúc đó,0
Sao hay quay video cua ho đang lam gi,0
Đúng rồi nhe gan nha minh co 1 ban nu cung lay chong trung quoc cuoi đuoc 1 thang tron roi nha chong ngheo hon nha ban ấy o vn luon,0
là clip này clip cũ\, h thì cô dâu bỏ trốn r hả,0
e nghỉ do số phận mình thôi chứ lấy ck nước nào cũng có giàu có nghèo cũng bình thường,0
trn quốc vô vùng quê.khổ còn hơn vn mình nhiều.nhìn oải lắm,0
giàu ghê,0
😂😂😂 Các anh tq khóc ra tiếng mán 😂😂,0
nó giàu thì nó lấy vợ tQ rồi,0
ôi thánh thần ơi.,0
Đây là Nhà xe Hồng Cường nha mọi người. Chồng mình ngồi trên chuyến xe này. Nguyên nhân là do xe tải đi cùng chiều phóng nhanh lấn làn nên may tài xế xe lách sang bên đường được. Chỉ thiệt hại về xe còn tất cả mọi người đều bình an,0
Xã hội riết mất nhận thức “sợ hư cái kính xe chứ ko quan tâm cứu được người”,0
T sợ nhất đi xe khách.k có cửa kéo sợ🥹,0
ông áo đen bày đặt lấy dùng chân,0
mũ vàng là a nhé,0
nhà xe nào đây ạ,0
kg bt gọi xe cứu thương a,0
đọc đa số comment.tôi nhận ra việc học thật quan trọng.sự việc là xe tai nạn thì họ cứu người .các bạn lại đi suy diễn kiện tụng,0
sao có cửa ko vào ạ😳,0
làm vậy có khi nào nhà xe\, làm đơn tố cáo phá hoại tài sản không ta 😂😂😂 hỏi ngu tí 🥰🥰,0
đoạn n ngọc hồi v ạ,0
t nhớ là xe có búa thoát hiểm mà ?,0
cửa trên mở mà😂😂😂,0
lại bị bắt đền phá kính,0
nhà xe 36 chúa vượt ẩu,2
tội huỷ hoại ts rồi,0
Lại 36,2
Đoạn nào nghoi đây,0
lại là 36,2
Trung bình Namkiki,2
nhà xe nào vậy bạn,0
Ql14 mấy anh khách thì không phải nói rồi,0
Ngọc hồi ở đoạn nào vậy ta,0
người không lo\, ở đó lo kín xe😂😂,0
coi bên 'hà t' á\, cười nôin thương luôn🤣🤣,0
làm t nhớ đến con pé : Cười đi cho nghỉ học 😂,0
còn khều khều nữa=))🤡,0
kìa b\, t cười r thịt của t đâu🙄🙄,0
Nụ cười của chích ngừa 3 mũi. Ai chịu nổi,0
mỗi lần con chó cười mình mất 😂😂😂,0
Giống cái vụ cười đi cho nghỉ học thế,0
Nó bảo mày bắt tao cười rồi mắc chi mày cười hơn tao 🤣🤣,0
Chó cười 1 ma t cười nguyên ngày,0
ai yêu Bác Hồ thì tim 🍀🍀🍀🍀,0
cười đi cho nghỉ học :)))),0
cứ cười đi\, rồi sớm muộn gì cũng thành diệu mận cùng lá mơ 😂,0
Roy rốt cuộc con nào cười???😅,0
Rồi khi nào mày mới cho t ăn Sen ơi 🤣🤣🤣,0
K biết đứa nào cười cho đứa nào xem😁😁😁😁🤗,0
😂 bắt ngta cười mà k cho miếng nào 🤣,0
ngại hết cả chó 😂,0
Giống clip anh trai bảo em gái cười đi cho nghỉ học 🤣🤣,0
Mình kbh ăn thịt chó..mình thề 🤤,0
nó cười lm ngt sợ ngang mấy mũi 😆,0
Ra đường mà gặp nó cười chắc tôi phải bay lên nóc xe Á,0
cưng gì đâu á chèn❤️❤,0
sao mà 2 đứa cười giống nhau vậy trời,0
3 mũi 900k nhé ní 🗿,0
Miếng ăn tôy mới cừ thui 😂,0
thấy tội ông kia,0
Lớn rồi mà dạy trẻ con như dãy 🥲,0
Lụm 1 hồi qua tới campuchia :)),0
ổng giả bộ dục bánh hồi dắt qua tới cam,0
ko bt trả lại à ?,0
:() t tưởng lụm trả,0
chịu tư duy,0
một bịch bánh bán lời có một hai ngàn nỡ lòng nào lấy như vậy 😒,0
ủa là khong trả cho ngta à tui tưởng chạy theo trả chứ,0
miền Bắc toàn thứ này,2
sao ko trả lại cho người ta😳,0
đoán vội parky 😂,2
K bt trả hả,0
Nhặt được của rơi trả lại người đánh mất . xã hội bây giờ quên hết bài học tốt đẹp \, mà khi ai đó nói nhặt được của rơi tạm thời đút túi thì lại xem là bình thường. giá trị quan bị đảo lộn,0
ngoại người j đây 🤨,0
Hơn cả ông già Noel,0
Lụm 1 bịch thì vui lụm nhiều quá thì ko đc rồi,0
Vui lắm hả😀,0
Sao ông kia Ko bt😭,0
cũng phải lên trả tiền hoặc trả lại chứ lm như v tội ng ta lắm 🥰,0
ko chả cho người ta,0
Sao chị nhặt lên rồi trả lại cho chú ấy chú ấy bán bịch bánh có mấy nghìn mà chị lấy nguyên cái thùng chú buồn lắm á,0
em đến chịu chị ngta bán hàng làm rơi thì trả cho ngta chứ em chịu chị rồi,0
Mn cmt bảo sao không trả ngta . Nói thiệt chứ xem video là biết ng chở thừa biết bị rớt đồ mà vẫn cố tình vờ như không biết để đi tiếp rồi 😂 chắc người trong nhà làm vậy để quay video thôi các thánh phím,0
Cảm giác bất lực. Gào thét. Mà con trai ôm bạn.an ủi bạn. Thì bạn đã thắng đời 1-0 .. Mình đã khóc khi xem,0
Bé này kiểu vẫn thương mẹ lắm c ơi\, c bảo lại bé từ từ nhen\, đừng để nóng quá mà tổn thương c tổn thương bé ạ 🫶,0
Ai có con trong độ tuổi 11-18t thì mới hiểu dc cảm giác này,0
Sao mà xem cái này t lại khóc 😭,0
Lý do là gì mà mẹ lại hành động như vậy ạ,0
Này là đem áp lực xã lên con thui,0
Trước khi lập gđ phải biết tu tập bản thân mình trước\, biết kiểm soát cảm xúc\, kìm chế nóng giận\, vượt qua 1 vài thử thách cuộc đời đã. Sau đó mới nên làm bố\, mẹ. Cứ nói là bất lực nhưng hành xử ntn cả con cả mẹ đều buồn và tự áp lực bản thân. Con chẳng nhận ra đc mình sai\, và hệ quả\, mẹ chẳng thể rút ra đc bài học xử lý khi con sai lầm. Mình ko tự mãn\, nhưnh mình làm mẹ 3 con chưa bao giờ phải nổi cáu\, 2 bé trong 3 đều có cá tính mạnh\, các con cũng có quan điểm riêng\, cũng có sai\, có lúc chưa nghe lời.,0
Mình ng ngoài nhưng mình tin con bạn rất thương mẹ đó. Bạn làm vậy với đứa nhỏ sẽ rất sợ nhưng con vẫn ôm ghì bạn lại\, chứng tỏ ảnh rất iu mẹ. Có thể ảnh mắc lỗi gì đó\, nhưnh ảnh vẫn còn là con nít. Nên có gì bạn hãy thủ thỉ lại\, mình tin ảnh sẽ sửa sai đó. Xem video tui tốn mớ nước mắt vì 2 ng,0
Cậu ấy biết ôm mẹ khi mẹ bất lực. Như vậy đó cũng là một dạng hp nhé.,0
Con tui làm vậy nó đơ luôn \,,0
tự dưng chảy nước mắt z ta,0
Bé nv là vẫn bảo được chứ e sợ mấy đứa cứ trơ cái mặt ra rồi nghinh lên lắm. E cũng 1 nhóc mà lúc nào cũng lo ko biết lớn dạy dỗ ntn cho nên nữa.,0
Cô giáo còn dạy mấy chục đứa mà có dám cáu giận đâu,0
mai mẹ mua cây lau nhà khác.. tui cũng zị con tui cũng zị,0
bất lực c hề anh phong xem cam nín thở luôn 🤣,0
Em bé hiểu chuyện mà \, mẹ cháu cố gắng nhẫn lại thêm 1 chút nhé 🥰,0
Tí nữa bố sẽ dỗ mẹ,0
Nhìn mà chảy nước mắt con bạn còn biết ôm bạn con tôi thì …,0
Tới cái khúc bé trai ôm mẹ là tự nhiên tui cảm xúc dữ vậy ta. Vì bé có quan tâm đến cảm xúc của mẹ và sợ mẹ giận.,0
nuôi con ko mệt chứ dạy thấy mệt với áp lực lắm\,mình cũng đang trong hoàn cảnh này,0
ai có con 12t trở lên sẽ hiểu. áp lực ngang luôn. nhìn video mà khóc luôn. vì bản thân đang trải qua,0
Ngta nói mình chỉ biết la mắng con\, nhưng làm j có vết thương nào không đau\, họ không biết mình đã bất lực và sợ hãi đến mức nào khi nghĩ đến 1 ngày con mình đi sai đường\, ko phải mình sợ ngkhac cười mình\, mình sợ con mình mất đi tương lai,0
Người lớn nào chả từng là đứa trẻ. Chúng ta của ngày bé có lúc cũng ngô nghê làm cha mẹ phiền muộn. Nhưng mà đứa trẻ của bạn rất thương mẹ á. Làm cha mẹ khó lắm. Đến bây giờ mình vẫn chưa biết phải là người mẹ tốt không nữa. Đôi lúc bức lực lắm\, nhưng phải cố gắng tiếp thôi,0
tình thương của người mẹ thật bao la.. và thấy cu cậu rất yêu mẹ qua biểu cảm.. nhưng phụ huynh ơi.chúng ta đừng kì vọng quá vô tình tạo áp lực lên con trẻ.. để chúng phát triển tự nhiên ❤❤❤❤❤,0
Ai làm mẹ rồi cũng sẽ có lúc bất lực đến như vậy may mắn thì con hiểu biết hơn còn không vẫn phải chấp nhận thôi ạ nhất là độ tuổi từ 11-16 rất bướng và khó bảo,0
sợ AI r đó....,0
cái này là thật chứ ko ai,0
Bố mày là AI,0
ai y chang s vãi,0
Ai giờ hay thật,0
Sao giống ai vạy,0
ê ý là ai hỏi z?,0
Em ko tinh,0
giờ ra đường thằng nào cũng nói ' mày biết bố mày là ai ko ' người ta nói con hư tại bố,0
Ai làm á,0
tử tế đến đau lòng,0
AI dạo này ghê quá,0
bố mày là AI,0
bố là ông,0
🥰 hi,0
tại nó gặp bố nó bao giờ đâu \,nó trả ko biết,0
đổi giọng bắc thì 😅,2
Dạ em không tim 😂,0
thế là\\
bố m là ai?\\
hay\\
bố m là AI🥲,0
diẽn ngầu tý nữa ai theo kiệp. 😁,0
Nhà tao thì tao giúp cẩn thận luôn. Ở đời không ai lắm tay từ sáng tới tối được đâu,0
Mấy đứa vô cứ nói giúp họ làm gì tới lượt mình bị GT nó bắt đi r biết tiền phạt quan trọng hay phải trốn,0
p làm gương giáo dục nma k thấy ai ns tht ae ạ,0
Túi k có tiền là lmj cũng đk,0
khi ma mức phạt qa cso vs lai tui k co tiên lry gi đc xin vay r chu nha kug k tha k giup chủ nha qa ghê gớm,0
Quá quắt,0
Nam mo a di da phat,0
Trốn lmjz nhỉ :v? Ý là tsao ổng trốn ấy,0
camera ghi lại hết k thể nào biện minh đc hành vi sai phạm của mình đc,0
Quỳ xuống lậy nhưng thôi vẫn kệ,0
Phải cầu xin là nhục rồi\, đằng này lại còn quỳ xuống chỉ vì lỗi giao thông,0
Vaizzz\, ngta mang hàng nóng vào nhà thì sao?,0
Thôi nta quỳ lậy r😂 hoan hỉ hoan hỉ,0
thua rồi 😂 hết chỗ nói,0
Chiệu phạt đại đi sau nè tính vào thằng rể\,có con gái xinh quá chú😍😍,0
T cần cái kết,0
trước mặt vợ con mình tôi sẽ kbh quỳ trước mặt ai,0
báo cong an bắt tội xâm nhập gia cư bất hợp pháp,0
làm j có tiền mà nộp phạt!,0
hời ơi,0
Ông chú kiểu,0
Chở con gái phía sau không đội nón bảo hiểm,0
đỡ mất mấy củ,0
thấy cx tội mà thôi cx kệ ;)),0
Ơ kìa 🌸😁👑,0
nó chạy slick back,0
Nó bị sao v,0
như kiểu bị bắt nạt 💔,0
ê tội vậy,0
bắt nạt 🥀🥀🥀🥀🥀,0
thấy nó ko thương thì thoii còn chêu nó,0
Thằng quay clip chưa ra đời đc đâu :v,0
là sao ko hiểu lắm =))?,0
bổ túc hờng,0
Ô vãi\, thấy mây hôm có thg chạy slick back\, vậy mà ở trường cũ mình à😂,0
cần tìm gấp chủ của tiktok này,0
mạc một bộ quần áo cả tuần,0
Dám bắt nạt idol à,0
t thấy tội😞,0
Sau này nó ăn nên làm ra lại phải quỳ xin nó miếng cơm đấy,0
ee lm v tội thk bé😞,0
ê sao nhìn tội vậy,0
ê thấy thương vc còn trêu n?🥰,0
Nhật kí tôi cóo,0
Quá nhanh 😁,0
ê ý là ai hỏi ?,0
t vừa xem cái trên xg,0
t thấy tội,0
hộ video vs ạ,0
cho anh số đt nhé em,0
250 thôi em a hết tiền rồi 😁,0
Hòa lợi bên cát có ko Em,0
E hiện tại đang ở đâu vậy e,0
số điện thoại dau em,0
Ở đâu vậy em,0
địa chỉ số đt liên hệ e,0
xin địa chỉ shop,0
e ở đâu vậy nè,0
Ở đâu ah đến em ơi,0
có ko nhe,0
ib địa chỉ,0
em ởthanh hóa 36,2
rẻ vậy sao,0
trảng bàng tây ninh tới t cùi. 😁😁😁,0
hihi có ko vậy,0
xinh số e,0
đồng nai e oi,0
cà mau,0
ib za ☎️☎️☎️lo,0
chốt kèo,0
bán áo đồng phục ko bạn ơi,0
Kết noi,0
Robinho jr thứ nhất 💀💀,0
con ronaldinho ko cần test adn luôn 😂😂😂,0
Thiago messi 😁,0
t chỉ đặt niềm tin vào con của Neymar,0
T đoán là ronaldo con trai của messi 😂😂😂,0
con của Neymar đau,0
Đứa thứ 2 con ai sao k nói,0
tóp 1 con trai của pessi à mua thk này bị pessi mua à,0
tôi ko phải fan của cr7 hay m10 những công bằng mà nói thì m10 còn thua xa với cr7.m10 rời bar chưa thể hiện được nhiều.nhung cr7 đi đâu cũng nổi bật,0
Mecelo quốc tịch Brazil \, con đá cho U17 Tây Ban Nha đc luôn hả,0
Mateo Top 1,0
Thiago Messi,0
Kai Rooney là ng tiềm năng nhất trong số này,0
Robinho ôi nhưng quả zd fifa 2 .,0
ông cháu thứ 2 là con ai vậy ae?,0
kai Rooney top 1,0
ủa marcelo đá cho brazil mà sao con trai đá cho tbn ta,0
muốn nôn về số 1,0
ezo mà đứng thứ 5,0
Con tao đâu,0
Là t á,0
tiến linh,0
Muốn khắc chế ezo thì chỉ có vera,0
Vậy ở chung vs nhau thế thì ông này dùng biện pháp tránh r,0
truyền thống mà ở vs ny à :))) truyền thống dữ chưa,0
chả nhẽ nhỡ dính bầu lại bỏ hả 🤣🤣,0
Để T chống mắt lên xem,0
Ủa thấy Huy Đức nói đúng mà \,h ít th con trai nghĩ dc như này lắm,0
Thích thì thích v😳 cơ mà đâu phải muốn có con sẽ là có đc đâu 😳 gia trửog kiểu v đâu có đúg lắm,0
ê đúng mà ghép nhạc nghiêm trọng v,0
đúng mà,0
Nhiều đứa nói hay lắm đến lúc làm thì lí do này lí do kia,0
chuẩn mẹ rồi,0
T thấy ông này tính ra thực tế mà \, ổng nói v là ổng cũng tránh cho người yêu r,0
ủa t thấy nói đúng mà,0
Cái này thì đúng,0
sau này cưới k có con được thì khổ bạn nữ lắm😅,0
Bạn ấy trẻ\, cả b ấy và ny gia đình đều có điều kiện mà suy nghĩ nvay là quá đc rồi. Bằng tuổi bạn ấy mình đã đẻ con và hiện tại là sgm đây :)) làm gì có chuyện lỡ dính\, khi cả 2 dùng biện pháp an toàn thì đều phòng tránh dc hết thôi. Đàn ông ctrai tuổi trẻ mà suy nghĩ nvay quá ok rồi,0
giờ mà có con trai suy nghĩ dc như này hiếm lắm,0
nói đúng moà,0
Đúng mà,0
nói 1 đường làm 1 nẻo,0
Giới trẻ bây giờ =)),0
b này nghĩ đúng nè tam qan chuẩn mực :))),0
Nói có cái đúng cái sai thôi mà,0
Ủa nói đúng mà nhỉ :)),0
Chuẩn 👌 phải cưới xong mới có con,0
lè nhè lè nhè ☺,0
ăn cháo đá bác,0
cái mặt xuân quà kìa trời,0
Bó tay với xuân hoà rồi,0
nuôi con chó còn biết ơn chứ giúp con người nó không có biết ơn đâu,0
ủa ko thấy sao sài đt đc mn😁😁,0
Tui ko bt đầu đuôi sao mà nghe cái cách tl là thấy 1 ngàn cũng ko cho đc rồi á,0
biết sao nó ko nhìn thấy ko chính gì vi đo do,0
Nói chung do nơi ông lên này dẫn dắt rồi mất miếng ăn lộn gan trên đầu chứ ở đời không ai làm cho ai cái gì hết cũng lợi dụng lẫn nhau thôi,0
thắng xuân hoa nay cũng luu manh,0
miễn bàn\, thua ời . tay làm hàm nhai mà 😁\, đâu cần ai 😂,0
đó là kg thấy. mà còn như vây. thua rồi. can lời,0
mệt mỏi với cái tụi này 👍,0
đây chính là ca sĩ lật mặc chính hiệu 🤣😂,0
bản tánh là vậy rồi 😅,0
đừng chửi người vội chắn qua vỡ kịch thui,0
Đấy lòng người thật đáng sợ,0
đo là tâm,0
cái mặt nó nghinh nghinh theo kiểu tao vậy đó,0
người ta giúp mình mà nói chuyện kỳ vậy😢😢😢.,0
Mik kpt lạo này ... Hay là câu 😊,0
trời ơi thằng em đó nói đúng đó...,0
XH này phức tạp thiệt . Thực tế thấy rõ,0
that vọng quá xh,0
nghe giọng giống người Bắc wa nhỉ,2
Bó tay og xuân hoà,0
Hỏi nhanh đáp lụi,0
mặt uy tín đó 😂,0
chương trình hỏi nhanh đáp đại🤣,0
ưu điểm tính nhanh\\
nhược điểm ko đúng cái nào,0
quả mặt đắc ý sợ :)),0
=))) nể ng trl 1 nể ng hỏi 10,0
Đáp nhanh chứ ai bảo đúng đâu mà🤣🤣🤣,0
em của Diệu Nhi 🤣🤣🤣,0
thần đồng tính nhẩm 😅😅,0
hay thiệt chờy nhỏ tự tin có thừa 😂😂,0
triệu view rồi cô ơi,0
Cười đau bụng luôn c ơi! Nhìn mặt mẻ hài😂😂,0
ê thích cái độ của bé,0
😃😆😆😆 nể c bấm máy tính ko cười,0
thần đồng toán học,0
biết á mà cố tình nói sai..😆😆,0
chỉ cần một nụ cười tự tin 🤩😘🥰,0
đáp nhanh chứ k phải đáp trúng nha,0
Ghê 🤣,0
nhìn mặt tưởng thiệt ko chứ,0
Dám hỏi dám trả lời 🤣,0
dị thôi đó mà t coi 10p t vẫn cười :))),0
Thần đồng tính nhanh\, tuy k đúng nhưng mà nó nhanh,0
Mốt bé lớn mở tạp hóa chắc lổ vốn luôn quá chèn 😁😁😁😁,0
Nhiều đứa ngộ ghê ha🤣🤣 cứ cưới xong là nghĩ lấy tiền cưới tiêu à🤣🤣,0
Khởi nghiệp thành công ha 🤣,0
lấy tiền cưới đi sắm đồ sang thì chắc đc vài bữa,0
cưới xưa họ đi mình 5p 3tr5 giờ vàng lên mình đi lại vàng 5p hay đi 3tr5😂,0
Mỗi năm chạy theo xu hướng làm gì ko biết . Nó chẳng có gì đáng để mình phải thay đổi . Vẫn nghe gọi \, vẫn lướt fb như máy cũ \, máy cũ vẫn mượt như vậy \, nào máy lag ko đung hay hỏng thì mua,0
bác bán lại con 16prm ko? e bên chuyên thu mua lại.,0
Trời ơi tui đặt 1 tháng rồi chưa coá máy,0
Ê nếu là t t lm k dc á bà \,tại t sợ họ quở,0
lúc em cứi mới có ip 15 thoi nma sáng mếu tối có ip14 prm 🥰,0
Coi 1000 lần để coi bộ móng của bả🤣🤣,0
Dữ vậy s,0
C y chang em mà em mua máy ảnh có 24tr à,0
Chuyện k cua riêng ai 🤣,0
bà ơi bà ơi khó nói thế 😂,0
t k khóc miếng nào lun 🤣🤣,0
Tui chậm hơn bà\, 2/6 về nhà chồng cũng khóc nhẹ.. hôm sau đi đập 15plus :)),-1
Trc cưới tui vs ck chỉ có dc mấy chục tr lo đám gần 400 2 nhà \, cứ sợ lổ sợ hụt sợ nợ mà vẫn cưới😂 ai dè may sao cưới xong dư dc 3 chỉ vàng hơn\, tui dc mua đống mỹ phẩm gần 20 củ\, ck tui dc bộ pc gần 25 củ😂 giờ chỉ tiếc là vàng lên hong có vàng để bán🥺🥺 mà thui kệ\, ai mà biết trc dc,0
Ck t nín đi vợ mai dẫn đi đổi dt khác mừng quá khóc to hơn🤡,0
Chuyển cảnh mượt ghê🤣🤣🤣,0
Giải quyết được khâu oai à 😂,0
1h trưa,0
6h tối: hẹ hẹ hẹ 🤣,0
mình thì khóc cho cố 12h đàn gái về hết \, mình đếm tiền mừng xong đi tắm rửa gội đầu 13h về tới nhà mẹ 🤣,0
tiền ngta mà mấy ba hay vô chỉ cách xài quá :))),0
Khúc khóc cho đúng kịch bản hoy thả mom =)),0
sau này cũng sẽ có angela phương trinh giống z,0
tao mà có con vợ như vậy tao đi kiếm chuyện khắp nơi. phá làng phá xóm tối ngày luôn. muốn gì gặp vợ tao🤣,0
K thấy ông nào đòi hữu duyên nhỉ 😂,0
hưu duyên bl tới chết,0
Mai này anh sẽ nấu cơm,0
thế thì làm gì,0
Bả đi đánh ghen hết nước chấm kakaka,0
Vợ ơi! Bê hộ anh bình nước 🥺,0
Mày biết bố m là ai không ❌ mày biết vợ t là ai không ✅,0
đứa nào kêu con gái chân yếu tay mề bước ra đây 😗,0
Cái giá phải trả quá lớn để có 1 vỏ bọc hoàn hảo 😌😌😌,0
chị có nhận đệ tử ko,0
mai này em sẽ nấu cơm....🤡,0
mai này anh sẽ nấu cơm 🍚,0
thấy phát tự động ra quét nhà nấu cơm luôn,0
tôi muốn biết cô ấy đã trải qua những gì 😳,0
Sau này anh sẽ nấu cơm...,0
quá đẳng cấp 🌹🌹🌹,0
tôi có 1 thắc mắc,0
badan bagus kakak yang cantik,0
bt ai rửa bát,0
Cưới về chắc nhà ko còn tiếng cãi nhau 😅,0
mai này anh sẽ nấu cơm 😂😂😂,0
b nữ áo xanh đầu clip xinh dữ bay,0
bước dô là thấy lễ phép rùi :)),0
cj oi sao ảnh đz dọ,0
má nói mún tự ái lun á,0
cx ngồi chs nhưng mà lạ lắm-)),0
là ngồi chs dữ chx tr 😂,0
bạn với chả bè,0
chc đói 🥰🥰,0
mấy chị ăn ngon quá,0
bạn nữ áo thể dục xanh kia dethuong,0
tui cx đã từng như v và đã dọn được mâm cơm kkk,0
cj kia xinhh vc,0
ông kia: ờm thì t cx bt đói mà chs thì phải ăn 🗿,0
bạn tới chơi sao mà đuổi đi,0
gặp tui mà bị nói vậy là tui đúng lên \,đem nồi cơm ra ăn nữa rồi đó🗿,0
Chj mặc áo td xinh vãiii,0
dzai mà tar,0
đẹp trai nha má😔,0
chị lên xhhh nữa gòiii kìa 🥰,0
ấn tượng chị bận áo thể dục á chờii,0
Rồi bà áo thể dục ăn dữ dậy kkk,0
b áo xanh xinh vậy,0
chị kia xinh thế,0
giờ ko ăn thì chủ nhà buồn hả ah,0
sao xu hướng dữ v xin vía,0
thấy bảo vụ này ông này đúng mà,0
cũng đúng. xuống xe mất hết tiền ai chịu.,0
Chủ xe xử lý tỉnh táo\, khôn ngoan,0
Mình đang thắc mắc nếu xe bị cẩu về mà bị trầy xước hư hỏng ai sẽ là ng chịu trách nhiệm,0
này lâu rồi hồi đó 5 tỉ nó to lắm🥺,0
ổng này kĩ tính thiệt,0
Vụ này lâu lắm r\, nma vẫn thấy hài🤣 lương 10tr vs 8tr sao dám chịu trách nhiệm vs 5ty2 🤣,0
ổng nói đúng mà\, xuống mất ai chịu\, mà giọng ổng nói rất lịch sự chứ cũng không phải bố này mẹ nọ,0
bắt luôn chống người thi hành cv,0
Hỏi nguồn gốc số tiền của a là sợ ngay,0
lỗ hổng là ko thể kéo xe khi có người trên xe.còn bảo vệ tài sản là được phép nên mới khó xử,0
cầm hết tiền xuống là xong\, lè nhà lè nhè,0
Thời điểm đấy 5 tỷ 2 = 100 tỷ bây giờ. Giá vàng giờ lên 20 lần😂,0
tiền 1 đống bảo xuống là xuống thế nào 😂,0
Để ổng ngồi trên đó rồi niêm phong lại luôn đc ko,0
vụ này sao rồi ạ.. xin cái kết :v,0
Ông này nói đúng mà giờ về xe có vấn đề gì ai chịu,0
thich a nay\, chuẩn có học thức ok🥰,0
đại úy 10tr trung úy 8tr..khịa dử😅😅,0
Mang tiền xuống nó cướp rồi sao ?,0
vụ này chuẩn luôn. do c.a không đủ trình,2
Sai ở đâu mn,0
xe tên gì 5Tỷ2😁,0
ko biết ông là ai chủ hay tớ nhưng xe đã vi phạm thì 50 tỷ cũng phải chấp hành đúng pháp luật nhé,0
người ta đầy đủ giấy tờ rồi mà còn bắt người ta xuống xe,0
Chính quyền yếu kém trong khu dân ai cho chăn nuôi gây ô nhiễm môi trường,2
bộ tài nguyên môi truong đi đâu rồi,0
Phải làm cao lên chút mới đúng,0
cái này do chính quyền thôi\, nhà mình ngày xưa cũng y trang vậy nắng thì thối\, mưa thì chảy qua sân nhà\, lên nói chuyện nhè nhàng k nghe đi thách kiện\, thế là mẹ mình làm đơn lên xã thế rồi phải dẹp\, k đc nuôi quá số lượng trong khu dân cư\, mất mấy triệu mua ống dẫn ra chỗ khác.,0
Parkycho khó dạy lắm😂😂,2
Mua tôn Quấn cắm vào đất rồi làm vô tư nhà tôi đã từng và y hệt,0
Gần nhà mình có nhà chăn nuôi lợn. Gây mùi cho cả 1 khu. Cả khu báo chính quyền xuống mấy lần thì thấy ko còn nuôi lợn nữa,0
tuổi này khó dạy parky lắm 😂😂,2
ý là cơ quan chức nặng k làm j dk hả,0
a xay móng cao len la nuoc trận lai nha người ta,0
để luôn cốp pha đó ko tháo dc,0
Như thế mà vẫn ở được công nhận tài,0
Chỗ tui mà chăn nuôi ntn. Thì xác định tiền phạt no lun 😆,0
Tài nguyên môi trường đâu?,0
Xả gây oi nhiểm mà cơ quan để dc ak khó hiểu,0
Chỗ t công an uy tín hơn vùng này r \, họ cấm luôn nuôi,0
Cứ do nên cao lên thì nhà nó được hưởng hết,0
Ở nông thôn thì ngoài mương làng ra thì cống rảnh ko có cứ thải thẳng xuống đất thôi,0
parky nó thế,2
mình cũng vậy\, nó còn kêu thưa đi\, cuối cùng nó phải thua,0
tôi là đổ cao thêm ít nhất 30cm nữa hoặc cao hơn đường hiện tại 20cm. như này bên đấy k xử lý\, nước thải vẫn thế thì sau vẫn ảnh hưởng,0
lam cao len,0
₫ổ cao hơn ống thoát🤣,0
Xây tường 5m là dc rồi 😅,0
này tùy vào quy định nữa bạn. giống như không cho nuôi gia súc trong thanh phố nhưng khu vực nông thôn vẫn cho ấy. bởi vậy có công an nhưng không cấm chỉ giám sát đổ bê tông để tránh sự cố ấy 😂,0
tôi chứng kiến té xee luôn 🥰,0
cái đỏ đỏ là gì vậy,0
cái đỏ đỏ là gì vy,0
tối quá đi ngang thấy nè :))),0
đường 22/12 ngay chợ thuận giao,0
Hqa lm về cx gặp,0
O đâu ghê v,0
nhật ký tui,0
mũ bảo hiểm của con gái,0
ở đâu z bạn,0
Gần nhà em nè,0
dụ gì vậy anh ???,0
cái j v,0
@nào mua dream thì đổi tên,0
Bl vs tim video mới dc Ko a 🥺,0
cái đỏ đỏ có phải là nao ko z :000,0
mới té hqua 14 mũi nay đang nằm võng đi thì khó ae có đi thì cẩn thận nhé như tui là cán xe tải á ả,0
sọ ng à ae,0
văng cả CPU ra ngoài,0
@Xuân Tùng vờ cờ,0
@GyaPyanek @Pyn nick phụ @mặn iu @sáng đi ngủ chiều quay hũ @muaxuanmiami @Tâm xì chum ☃️@Khoa Tay To,0
Cái gì thì cái chứ như vậy thông minh mà,0
Ủa lamd vậy đúng mà . Chứ xách tay. Nhiều đồ vậy xách kiểu gì .,0
Tttm mà k có thang máy. Caption cũng hài :)) Vấn đề ở đây là có nhma ngta k đi tìm :))),0
T thấy người ta đẩy xe đó lên than cuốn đc mà,0
Namkiki bày trò nó quen😁😁😁😁,2
lúc xuống thì sao ta,0
Đoán vội ở royal city,0
Có nv ở đó mà nv cg ko đẩy xe lên cho kh đây là win mart times city nhé,0
người thành công có khác😁😁,0
Để ý thì bà ấy cũng tính toán cũng không phết\,để mỗi bao cách nhau mấy bậc\,nếu mà bỏ gần nhau quá lên trên ng kia nhặt k kịp thì kẹt ngay\,nói chung cũng ok\,lần sau tìm thang máy mà đi cho lành\,🤣🤣,0
Siêu thị mà ko thiết kế thang liền là hỏng rồi,0
thang T8,0
Ka ka hài thật,0
khôn vặt thì khó nước nào địch lại Đồng Bào ta 😁,2
Rồi lên trên lấy xe đâu mà đẩy tiếp???,0
ờ rồi cái nó cuốn vô rảnh đứng lun cái trả chi phí bảo trì đền bù cái lại than 😂😂😂😂,0
Có đường thang chuyền hoặc thang máy mà\, làm vậy nguy hiểm dễ cuốn vào gầm thang,0
Này lỡ kẹt là mang hoạ,0
Chưa xảy ra sự cố chứ xảy ra cái đền ốm luôn😂\, chưa biết giá nghe giá sốc luôn,0
r nó cuốn vào thang nhỉ 😂,0
😁😁😁Thông minh,0
người quay sẽ nhặt hết,0
sao ko gửi,0
Quá khôn 😂😂😂,0
chắc mỗi mình t tin tài milo,0
Hiếu không nhấc được đâu,0
mấy cha diễn quá\,tui kg chơi thể thao 1 tay cũng nhất đc 70 kg,0
nhắc mà tay k căng ra 😞😞,0
t đoán chắc là vx cs tỉ lệ nhấc đc nhưng rủi ro cao dễ chấn thương nên ổng ko hết sức,0
k nhấc được đâu.,0
mai mới thiệt h diễn thôi,0
A Hiếu chỉ diễn thôi chứ ảnh nhắc lên được mà,0
nhìn là biết diễn rồi có nâng đâu,0
tay còn kh thèm gồng=)),0
ông sang Việt Nam vật zakhan chắc nhấc nhẹ 150kg,0
nhấc thì nhấc đi có cái cục mà làm chục cái video chưa nhấc,0
không nâng được đâu ai bảo diễn nhỉ ?,0
Chắc 200củ cho 2 cha này quá😂😂,0
chưa hết công lực nha nha 😁😁😁,0
Không bao giờ nâng dc,0
làm cờ cờ gì khó coi zị,0
ông nhỏ ổng lạnh đi như zombie luôn 😂🤣😂🤣,0
ủa có mình t là để í mỗi ông lái moto nước hả🤡,0
lạnh quéo người,0
nhỏ bị sao vậy,0
thằng nhỏ lạnh teo người luôn kìa 🤣🤣🤣🤣🤣,0
ba mẹ đâu để bé lạnh rung vậy. chứ tôi đưa con đi tắm biển là lúc nào khăn cũng trùm con hết để con lạnh. hihi,0
lạnh quéo 😂,0
tim sẽ mạnh khoẻ 🥰,0
lạnh quá hóa zombie 😂,0
k bt e nó đã trải qua cái j,0
lạnh ng quéo luôn tr😅😅😅,0
zombie á,0
cái thằng bên cạnh chị đấy,0
ánh mắt của sự báo thù,0
Thẳng nhỏ: ủa sao mình lớn nhanh vậy 😅,0
Tội thằng nhỏ 😂,0
thay ma mini 😂😂😂,0
Lạnh 🥶,0
Quy thừa tướg lên bờ😆,0
t chỉ để ý con vịt vàng thôi,0
nhỏ mà có võ 🥰😅🥰,0
quéo 😂😂😂😂😂🤭🤭🤭🤭,0
cưng ổng ghê,0
lạnh v,0
sao mà mua sườn k chặt,0
tại sao không nên mua cá to,0
trứng củ thường họ bỏ lên trên để bán trc đó,0
Tại sao mua sườn không nên chặt à cả nhà ơi,0
quá đúng,0
Mua lớp trên\, thế có người mua họ mua lớp trên rồi thì sao. Ko mua nữa hả thế về ăn gì,0
ek đúng thiệt đi spa nc thân thiện với n \, riết n làm k ưng như lúc đầu,0
Rất ý nghĩa,0
rất hay và ý nghĩa 👍,0
khi ăn cơm nhớ nhai thật kĩ niếu ko bị mắc nghẹn,0
người ko muốn mình hơn họ lại chính là người thấn quen.,0
Chi em ruot còn ko thih e mih giàu huốn chi người dưg,0
hay và ý nghĩa,0
Nếu thợ hớt tóc không bắt đầu học việc.. thì thợ giỏi thợ già chết hết.. thì sao..?!,0
Qua chuẩn,0
Hay quá ạ,0
hay quá cảm ơn bạn đã chia xẻ,0
Mệt mỏi mưu mô 🥰👍,0
hay 🥰🥰🥰,0
càng nghe càng thít,0
chuẩn luôn 👏👏,0
rat ý nghĩa❤❤❤,0
Thôi \, đề Vũ Cát Tường hát thôi \, ai địch qua nổi 😄,0
vct là giảng viên thanh nhạc ok,0
Ca sỹ thực lực nó ở cái tầm,0
Vũ cát Tường có bài nào sống lâu không nhỉ !,0
bạn bé kia cx đỉnh quá i,0
Có mở lớp dậy không vậy ạ. Mình xin đăng ký cho con gái học ạ,0
Ô môi ai cũng giỏi 🥰,0
Dính VCT từ chương trình này🥰🥰🥰,0
nếu là tao tao xin nghỉ học. ai mà học theo cho nối.,0
Bé này sau là quán quân nha mn\, NGỌC ÁNH thì phải,0
Nghe đã thật\, nhưng giờ ít đc ngh VCT hát nhạc ng khác viết quá\,,0
Khiếp res ong cả đầu luôn ạ😭,0
Á quân tạo ra quán quân là nó ở cái tầm r,0
câu hát là Sông cũng như người ấy\, nghĩa là giòng sông cũng có cảm xúc như con người í\, chứ ko phải người ấy là con người cụ thể! Phải hiểu như vậy thì hát mới ra được,0
Cát Tường có giọng ca tốt quá\,giờ mới được nghe riêng khi bạn ấy hướng dẫn .,0
giọng vang từ SG ra tới HN luôn á tr,0
e tường ơi cưng quá,0
Từ 2013 đã thích tường\,xong đến TVK khúc này là dính cứng ngắc tới giờ lun nè,0
cát Tường hát âm vang hay quá! giọng cao mà ấm áp quá.!,0
T mê bả từ đàn cho Trúc Nhân thi The Voice,0
Omg 😳,0
Biết Cát Tường trong những events nhận giải thưởng và đọc các bài viết khen hết lời.Nay được xem clip này\,quả đúng'Hữu xạ tự nhiên hương'.,0
Tr ơi bả vs Bùi A Tuấn là thần,0
Trời mẹ ơi hát hay quá,0
hiếu lê lên đồ 😳,0
cách ăn mặc đã + điểm r,0
ngại hết cả anh hiếu lê,0
thấy cái túi La CaMie thôi là biết thương vợ roi:),0
Tim để không chết,0
Nếu mà chọn Hiếu Lê Hiếu Lê cũng k yêu tại T thấy ghép nhiều lần r:))),0
Dz và giàu hơn à 😇,0
hiếu lê lên đồ ăn đứt ông kia,0
ông tóc vàng nhìn giống hiếu lê v,0
đẹp đôi vãi thề,0
t thấy hiếu lê đẹp trai:)))))))),0
ô kia đơn giản nma thực ra giàu lắm 😅,0
chắc mình gu t là hiếu lê:)),0
nhắm mắt cũng biết cj đấy chọn ai r,0
yêu vì nhan sắc 😌,0
Nếu mà chọn Hiếu Lê Hiếu Lê cũng k yêu tại T thấy ghép nhiều lần r,0
Đẹp đôi ngay từ ngày đầu tiên,0
ai yêu Bác Hồ thì tim 🍀🍀,0
Đúng như cái tên roi còn gi nuaaa,0
Chắc t ngáo nên t thích bạn tóc vàng hơn:)),0
nhìn như tổng tài và cô vợ nhỏ:))),0
Và từ đấy ông áo vàng thay đổi 😂,0
kh dám nhận là nyc lun á,0
Xem 10 lần vẫn k thấy hay,0
Hà Văn Hưng,0
Kiếp trước chị giải cứu thế giới à,0
t biết yêu vì cgi r đấy🌚,0
Có gặp idol này,0
hồi bé t đòi cưới ôg này,0
ơ anh Hà Văn Hưng ned,0
Bl chưa ku,0
linh tây😂,0
Tuổi này thế nào ae,0
chị xinh mà hay ngại 🥰,0
thằng kia ăn sao hết,0
ủa t tưởng ce ruột mờ,0
Quả chanh non ko chua thì chát. Mối tình đầu...,0
sớm nè 😊☺,0
（ ͜•人 ͜•) e đẹp lắm🥰🥰🥰🥰🥰,0
T con gái mà t thấy bả xinh,0
Cái mũi chất lượng 😂😂😂,0
Khi nào lộ clip thì lại đổ thừa ông sửa đt cho mà xem 😂😂😂,0
ối dồi ôi,0
hữu duyên đc bl e,2
số hưởng,0
tiền bố chơi dc,1
cho e hỏi tí:) ttpl là gì,0
ttpl có nghĩa là tâm thần phân liệt đó,0
to vậy,0
ttpl là gì ạ,0
V ai vs là ng ko ổn ?,0
ttpl viết tắt của Tâm thần phân liệt\, một bệnh rối loạn tâm thần nặng có thể ảnh hưởng đến suy nghĩ\, cảm xúc và hành vi của người bệnh.,0
người cần đi thì lại ở nhà😭,0
tiền mạng là phải xứng đáng như này,0
s anh trai cj ik tò v ạ,0
t để í cs cái áo mặc hơi nhìu lần hoii ( thắc mắc nhé ),0
Bợn ơi !!! mình cmt hơi Chậm 1 tí mà mình dành cả buổi coi hết clip của bạn rồi... Thương bạn vs mẹ bạn nhiều lắm mình thành tâm chúc gia đình thật hạnh phúc và nhiều sức khỏe.Cảm ơn bạn nhiều nhaaa vs bạn nhớ giữ gìn sức khỏe để còn chăm mẹ làm mẹ cười nữa 🥰,0
Chị ngoan quá chúc cô với chị luôn vui thế này nhé,0
Cố lên nha\, mình cũng có trải nghiệm tương tự nè\, ba vừa mất mẹ khóc mấy anh em nói mẹ không được khóc\, chỉ có mình ở cạnh để mẹ được khóc\, mà vì sợ mẹ thấy mình khóc nên trốn ra cf khóc một mình rồi về làm mẹ cười tiếp.,0
bro ổn không?,0
Chúc chị với cô vượt qua và luôn hạnh phúc🥰🥰🥰,0
Cố lên nhé! Chúc bạn giữ mãi năng lượng tích cực này nha 😁,0
Chị ở trà cổ trảng bom ạ :333,0
chj gán lên nha chj🥰🥰,0
Kết nghĩa hứa hẹn Kề vai sát cánh ..đi lấy chồng rồi theo chồng😁,0
Sao mà anh trai đi tò v,0
đứa con có hiếu....,0
2 ng phụ nữ mạnh mẽ,0
Hiu hiu clip ý nghĩa và nhiều năng lượng tích cực quá ạ,0
chị nhớ lm mẹ cuời nhiều lên nha 💗,0
mèo nhà em bị nhà này bắt quán tiểu hổ,0
nó có ngon đâu mà suốt ngày ăn?,0
ước gì có luật bv động vật nhỉ chứ nhìn thương quá,0
T hỏi mấy đứa ăn thịt chó mèo là tụi bây đói dữ lắm hả,0
T mà có tiền t nuôi hết luôn,0
nma thịt mèo ăn ngon mà😅,0
chó chung thành hơn mèo k chung thành,0
chỉ biết kể thôi đó hả,0
tao mong Luật phát Việt Nam cấm ăn thịt chó mèo=(((,0
pháp luật ơi cấm ăn thịt mèo thịt chó ik lm ơn đây😢,0
Quán Tiểu hổ . Mong chính quyền dẹp bỏ quán đó . Ăn gì kg ăn \, lấy mấy bé làm đồ ăn,0
mong sẽ áp dụng luật cấm ăn thịt chó mèo,0
t cần ngay cái địa chỉ lò mổ đó,0
sao ko cứu còn quay video,0
Ba t bữa nhậu tht meocho\, t cạch mặt ba 1 tháng tới giờ ba bỏ tht quay qua đi cứu lò mổ😭😭,0
tôi đề nghị pháp luật cấm ăn thịt chó mèo😔😭,0
Như vậy có những bạn nuôi lợn là thú cưng thì sao ? 🤔,0
Rồi có cứu nó ko?,0
Động vật cũng là con người mà ?,0
Chị ơi. Nếu Chị có thấy bé này nhắn giúp e ạ. Em cứ tới lui mà ko tìm dc bé\, rồi xem những đoạn hình ảnh này lại sợ tới bé mình cũng đag sợ hãi như vậy mà đau không chụi nổi ạ🙏,0
Sao chj k nuôi ạ,0
cần một bộ luận cấm ăn thịt mèo và chó,0
bé nhà mk bị ngkhac bắt đã đc 3 tuần\, tìm mãi chẳng thấy em\, cả nhà ai cx nhớ d😭💔,0
ẻm bị bắt r😞,0
Ba mẹ anh Phú giàu vậy,0
coi ở đâu z,0
chắc phải làm gì ngoài youtube ms giàu chứ nhỉ,0
bạn coi ở đâu vậy ạ,0
video đó ở đâu vậy,0
anh Phú mới lấy vợ hả mn,0
Coi ở đâu vậy bạn,0
ở đâu vậy kím trong kênh k có,0
Sao tìm không thấy video vậy?,0
Sao ko tìm thấy vậy,0
t chưa coi nữa mà xoá roi,0
xem ở đâu z s trên yt kh thấy,0
sao tôi ko thấy ạ,0
sao hk có vd ta,0
4 chiếc lận hả🥰,0
có quay ko z,0
coi ở đâu vậy bạn 🥰,0
video ở đâu vậy,0
hình như nãy tui coi có mà xoá r phải ko ae,0
tôi ngày khoe,0
video này là video nào vậy ạ,0
uaaa s t k thấy ta,0
coi ở đâu z ad,0
Giàu mà 🤭,0
Ủa s lại bị bắt,0
ý là bất hợp pháp mà tuyên truyền như là nạn nhân á 😭😭😭,0
họ lưu là gì??? e không biết thật,0
ê tao họ Lưu☺️,0
dậy ch ae,0
Ủa là s,0
Tại sao,0
tại sao họ Lưu lại bị bắt là sao ạ e ko hiểu,0
đg định hỏi sao bị bắt v mà comment toàn hỏi nhau dạy chx:))),0
là sao,0
Giống tôi vãi ò . 6 ae cbi ăn tối nó vào bắt 5 thằng còn một mình một nhà 3 tầng 😂😂😂,0
ko hiểu,0
là sao v?,0
là sao ạ?,0
ê bây thức chưa,0
2 tiếng nữa thi tìm đồng minh 🤡,0
tao họ lưu sao đâu,0
mình cũng họ lưu,0
t họ...họ Lưu...,0
thiếu gia nhà họ lưu..,0
sao lưu lại bị bắt,0
6:10 r ai dậy chx,0
Trai nước -))💀,0
mì cay nói thật về chất lượng sao so với cơm sườn đc,0
Giống y vợ mk xuốt ngày mì cay k thấy chán 🤣🤣🤣,0
Còn t thì ngược lại\,từ khi quen Bồ ảnh toàn ăn đồ nước,0
fan cơm sườn đâu🤣 vào đây,0
Mỗi lần ông chồng rủ đi ăn cơm tấm là mắc nổi quạo,0
T mà có người yêu là bún đậu mắm tôm\, gà\, mì ý\, cơm tấm rất rất nhiều. T không ăn dc mì cay. nên không bao giờ hẹN hò đc t,0
mỳ cay ngon mà 😭,0
Đi ăn mì cay thì được chứ xin đi nhậu cái chửi cả tuần vẫn còn chửi 🙏🙏🙏,0
T lại thích ăn cơm tấm sườn nướng. Nó ngon,0
cơm rang cải bò ma,0
tui thì lại ghiền cơm tấm hơn nha .mỳ cay lâu lâu thèm lắm mới ăn thôi 😆 có ny thì ăm theo ý của ny tại tui dễ ăn nên ăn gì cũng đc.,0
Ae cơm tấm\, bún thịt nướng đả đảo mì cay 🤣,0
T sớm nhất,0
cho 1 dĩa sườn bì ốp la,0
Nhưng tui mê cơm sườn\, chắc cốt đàn ông quá😁,0
Nước mắt cũng đang chảy 🥺🥺🥺 ước gì sáng mai lén đi ăn sáng 1 mình 🥺🥺🥺,0
girl : sao anh khóc vậy\\
you : tại mì cay quá nên anh khóc😭,0
nhà ny bán cơm tấm ăn đã lun😁,0
trộm vía t thích cơm sườn kg thích ăn mì =))),0
Anh ơi em cũng khoái cơm tấm nè\,hai đứa mình hẹn nhau đi ăn được ko anh😂😂😂😂,0
cơm sườn mãi đỉnh,0
Mỳ này cho tau cũng ko thèm ăn,0
T thích ăn cơm,0
Ăn cơm bth k muốn. Muốn đi chạy thận :))),0
ăn mì cay không sợ hại thận hả,0
Trâm trước kia bằng tuổi tú đã xinh rồi mn xem lại video cũ ngày trước trâm xinh nha,0
HT tự nhiên nha,0
Ko thích hải tú lắm nhưng phải công nhận là hải tủ đẹp thật\,vẽ đẹp rất riêng,0
Ai như tui ko nhìn mũi hải tú giống kiểu ko được thẳng đó,0
Nhìn Hải Tú cười giống giống dien viên Lee Yong Ae,0
Hải tú xinh tự nhiên,0
Hải tú k dao kéo,0
Mặt Hải Tú tự nhiên lên đẹp hơn là cái chắc,0
Kêu miss thanh xuân là biết kênh sao rồi:)),0
chấm hải tú nhé,0
hải tú xinh hơn nhiều,0
HT có cần mua nhiều quần áo đâu\,mua sách thôi,0
Hải Tú xinh hơn,0
nét đẹp thì TBT k so đc với HT đâu\, HT nét rất riêng,0
thích vẻ tự nhiên của hải tú hơn ạk 😃,0
hải tú xinh kiểu,0
anh trai say hi dành cho các cháu xem...\\
anh trai vượt chông gai cho các bạn trưởng thành xem 😂,0
Thích anh trai say hi hơn 🤣🤣🤣 tại toàn anh trai trẻ hài hước mà còn tài năng\, làm nhạc quá okela luôn 🥰,0
Đổi tên thành chị gái say hi thì chuẩn hơn,0
Anh trai say hi có lượng fan idol khổng lồ🔥🔥🔥,0
ko thích mấy ông già 😂 vẫn coi say Hi,0
trên yt thì atvncg thua..còn xem trực tiếp trên vtv thì atc2 ko có 1 ai xem,0
Cho dù thế nào thì anh trai vượt ngàn chông gai cũng là tuổi thơ của 8x 9x tụi tui. Cho nên ai thích hoài niệm thì theo bên này\, ai muốn đổi mới thì bên kia. 8x9x thật sự bận gia đình \, sự nghiệp rất nhiều nên thật sự ko có thời gian xem dc,0
anh trai vượt ngàn chông gai thấy chán\,coi dcc 1-2ph tắt còn anh trai say hi thì khá ồn ào:)))nh thik ồn ào hơn:))),0
say hi như đi cãi lộn,0
T 34t vẫn thich coi atsh hơn\, coi bị cuốn bị dính😄 qa xem atvncg tn thấy bùn ngủ xíu\, nên hong có xem hết tập\, thế là k xem nữa luôn\, nết lạ ghê😓,0
1 bên chị trai say hi đi đòi so vs chú trai vượt chông gai 🤣,0
tui nghĩ ATSH hơp vs những bn trẻ genz. còn ATVNCG thì chắc hợp vs những ng lớn tuổi trưởng thành hơn,0
a trai say 2 tụi nhỏ xem nhiều. còn 8x\,9x giờ bận lo cơm áo gạo tiền nên ko có nhiều thời gian xem ATVNCG,0
anh trai vượt ngàn chông gai coi đi dính liền luôn tr ưiiii,0
atsh mãi đỉnh,0
kiểu say hi genz vs lại nhiều anh đẹp trai nên thu hút các chị em 🤭,0
Mờ ê mê Anh trai vượt ngàn trông gai kiểu vẫn thích xem có bản quyền hơn:)),0
ng thích coi ATSH ng thích coi ATVNCG mỗi ng 1 gu\, lmj mà đấu đá wa đấu đá lại chi cho mệt v ạ 😞 Mỗi chương trình có 1 nét riêng chứ nhỉ?! T thấy cái nào cx hay cx đáng để coi\, ngta bỏ công sức ra để,0
Ê nói thiệt nhạc bên atvncg hơn nha trời. Có spacespeaker thì auto beat đỉnh khỏi bàn. Mv t nghiện bữa h nghe hơn chục lần luôn á. Rồi mê dance của khiến nó ngầu nữa,0
đầu 9x mà thích say hi hơn 😂. vì những bài ngày xưa thật sự rất hay\, làm lại nhạc hát lại nghe khó chịu lắm. nhất là bài Đôi Mắt của Wanbi 😂. hát lại nghe khó chịu lắm 😂. nên tắt luôn.,0
Tui coi anh trai thiệt chứ hem coi các chị say hi 🤪,0
Thích a trai say hi hơn,0
Anh trai say hi t thấy làm nhạc viral mà có nhiều ng hợp gu nx \, đầu tư \, r rất năng lượng cuốn hútt đẹp traiiii \, atsh t coi tập đầu mà trong 1 ngày t coi tới tập 11 là đủ hiểu hay cỡ nào 😭😭🫶🏻,0
T coi ats2 trc xong coi qua atvncg thì dc nửa tập đầu kb sao có j đó khiến t thấy bị chán chán á\, k có hút như bên kia mặc dù có nhiều a trai ok phết,0
Đã từng : Hào quang top 1 \, Catch me if you can top 2 \, Love sand top 3 \, You top 4 =))),0
dí bỏ mẹ bọn nhái con đi\, nhất là bọn embes ý,2
Nma h a thay đổi r mà,0
cảm ơn bn đã quan tâm đến negav và cộng đồng embes như tụi mik\, mik cảm ơn bn rất nhiều🥰,0
Ê nhưng mà embes là cái j v,0
tưởng thế nào cũng chỉ đang bú f người ta thôi,0
trao cup cho a này 🥰🥰🥰 vì sự dũng cảm,0
Nhiều đứa nó mù quáng lắm \, mù quáng rồi thì nói sao cũng ko chịu hiểu 😂,0
sao ngài can đảm thế😆,0
ủa sao vid như này k viral nhỉ!?,0
ông nói negav nhưng tuzhu cũng nhột=)),0
Bênh bằng cách bảo đó là quá khứ thôi 🤡 Nhưng sự thật là trước mấy tháng bị bóc phốt thì thằng N này vẫn có những phát ngôn khinh thường fan và suy nghĩ bằng đầu dưới =)))),0
Nói về N mà t cứ nghĩ đến vì tinh tú nào đó🤣,0
anh ấy xin lỗi rồi mà,0
negav là ai vậy =)),0
đời là vậy\, thằng toàn làm đúng đến khi làm sai thì bị nói lộ bản chất\, còn thằng toàn làm sai bắt đầu làm đúng thì họ bảo là biết quay đầu :))),0
thiếu phong bạc nữa nhé,0
bí content à bạn,0
ủa sao lại có darling anh ơi gấu ko liên quan,0
cần lên xu hướng gấp để mn ý thức được đúng sai,0
Ê coi chừng fan anh Negav vô tag á😭😭,0
Ô bạn này bên kênh làm phim cùng Nam Trịnh đúng không nhỉ?,0
antifan số 1 của negav😁,0
Nghĩ tới anh J mà bùn,0
Có ai chưa xem atvncg như t ko 🤨,0
say hi thì sáng tác còn má chông gai thì cover có gì hây ho,0
t k coi tập nào của atvncg luôn á.,0
ko cố tình công kích mà hai chữ y chang nhấn mạnh dữ,0
T hỏi chút xíu là bài Bao lời con chưa nói do Dương Domic sáng tác đúng ko,0
Ủa vậy có chương trình nào khác ngoài 2 chương trình này à?,0
Mình tưởng ý của st là 'do ý tưởng y chang mà còn ra sau nên ảnh đổi' chứ có nói gì đạo đâu mà…,0
Chọt nhiều rồi nhé . Mà thậm chí ko phải fan chọt mà do trính dàn cast của chương trình chọt . (Các anh tài khác thì ai rất ok) .Nhưng giờ còn có vụ này nữa . Trước đó thù có vụ của chú Tự Long.,0
K hiểu sao say hi chả làm j nhưng chông gai thi thoảng cứ gây bão tố là sao,0
sáng tác trước 2 tháng mà bảo đạo nhái thế thì chịu rồi,0
Say Hi thì chồng t sáng tác chông gai cover hay ho gì nhở ?,0
r lúc đó có cái chương trình j khác ngoài ATSH vs atvncg,0
Chông gai hay Say Hi ra trc v mn,0
nói là giống đạo cụ thôi mà mng có nói là đạo nhái đâu,0
Y chang mới chịu🙂,0
Ủa thế nếu là chương trình khác thì là chương trình nào nx v mn=)) ?,0
Chẳng ai nói đạo nhái luôn í\, người ta chỉ bảo giống nên người ta đổi cho tránh vấn đề thôi. Tính ra 2 bài này chung biên đạo\, cùng chủ đề nên nhiều khi biên đạo vẫn dùng những ý tưởng khá tương đồng,0
t cày atsh ngày đêm luôn\, còn atvncg t chưa coi 1 tập nào:),0
Y chang y chang :)))) nhấn mạnh mới chịu,0
T8 đạo T10🥰🥰,0
Bây ơi\, t có thấy mấy đứa cmt là “ mắc chi thay đổi trời”. Phải thay đổi bây ơi\, vì ATVNCG phát sóng sau\, nên buộc phải thay đổi vì sẽ vướng vô việc trùng ý tưởng các thứ.,0
ý là cách nhau 2thang á tr,0
? lúc đó còn chương trình nào ngoài hai chương trình atsh với atvncg hả? ông này ông nhắm tới chương trình nào được nữa🤔,0
T thấy kênh này ổn nhất bx h toàn mấy kênh gì đâu không^^,0
chữ y chang rành rành còn được nhấn mạnh nữa mà trog khoảng tgian đó còn ctr nào khác 2 ctr này và cx kh có hai tiết mục nào có chủ đề về mẹ như hai tiết mục trên đâu:)) \, mấy má cứ nói nhét chữ,0
Nhà bên còn được ông trời cho vài cú sét sập mẹ dàn điện nữa,0
Tôi mắc nói quá: may mà bên sayhi mưa trước k lại bị nói là bắt chước,0
Riêng day 6 bị Trời mưa. Bên nào chạy ctrinn mượt mà\, ko bị cúp điện thì bên đó THẮNG,0
cc ATSH mưa thì như ông trời khóc chung\\
còn nhà bên ổng đánh một cái mất điện,0
atsh cũng chỉ nhái là thôi,0
Thực ra chả nhà nào nói nhà nào \, toàn mấy má ở nhà nói 😝,0
bên Say Hi mưa như đang khóc\,các anh trai mắc mưa nhưng lại đẹp×2\,dàn loa âm thanh vẫn ổn\,Issac đc cú thả dù điện ảnh\,màn led to như gân filter👍🏿👽,0
gai con lên núi ở hết phần đời còn lại 😇,0
gai con hướng nội ht phần đời còn lại💔,0
mưa từ đầu đến cuối + sập điện=)),0
Nay còn mưa to hơn hôm nhà bên \, nay còn có chớp . Đúng cười người hôm sau người cười lại,0
mấy ảnh cx phải diễn dưới mưa cho khán giả coi nữa mà,0
Chửi bên ATSH cho cố giờ sập mẹ dàn điện còn bên ATSH mượt mà\, điện ổn định\, quẩy tung nóc,0
Mưa nhân tạo và mưa nhân quả,0
đc cái nhỏ vieon nó làm mấy cái đèn như trừ tà dưới mưa\, còn bên chông gai thì mất điện😇,0
may bên say2 mưa trước chứ k lại bị nói đạo nhái thì mệt😔,0
Cười người hôm trước hôm sau người cười haha,0
nhma diễn bài if sét nó đẹppp😭😭,0
may mà sayhi mưa trc k thì lại bị nói nhái thời tiết,0
khuyến mãi sấm sét cho tuyệt hơn ạ😝,0
May thế hôm đấy nhà mik k có sấm chớp,0
bên atvncc nhìn chả ra cdg=))),0
bên Sayhi âm mưu hối lộ thần sấm đánh sập điện bên nhà kia đó🥰,0
Mưa nhân tạo hả??,0
Ủa s mn chắc chắn đó là gai con nói v 😔,0
tôi học thiết kế đồ hoạ và tôi khẳng định là chắc chắn là Vin đi vay mượn ý tưởng nha. Shape cô gái trên góc trái đầm tím\, shape gái phải xanh lá. Shape dưới góc phải pose khối và mặt của nhân vật nam k thể là k vay mượn dc. Tổng thể mood màu và đường múa shape của vải lụa cũng rất giống nữa.,0
là giống dữ chx. mắt phải hay mắt trái thấy giống v. tui xem 2 mắt thấy khác nhau quá tr.,0
đến tác phẩm của sinh viên cx đạo nx hả thiệt ln:)))),0
Ê giống của FPT vãi luôn :))) với cái tên ÂM SẮC GẤM cũng giống tên chủ đề Hội xuân ÂM SẮC ẤM của THPT FPT nữa\, t học ở đó nên tất nhiên t biết\, bên page trường còn đăng ảnh Hội Xuân hồi đầu năm ni luôn ấy :))),0
Hình như bên vin mấy cái này hay thuê agency,0
Cũng k lạ lắm! Đối với việc ý tưởng thì Vin hay coi của thiên hạ là của chung nên k bất ngờ lắm!,0
Bên Vin này chắc bị lần thứ 2 rồi ấy :)) ko hiểu des bên đó bị gì,0
😂 ảo,0
mượn ý tưởng,0
nhìn y chang còn cãi,0
vin mấy vụ rồi đó,0
Không chỉ đơn giản là màu sắc đâu mấy b\, ai học nghệ thuật thì sẽ thấy đc nhiều hơn. Còn VinWonders ko đạo nhái thì ắt hẳn sẽ đưa ra đc ý tưởng thiết kế\, ref + quá trình để chứng minh -> tác phong chuyên nghiệp. Ai bảo ko thấy giống thì mấy b giống kiểu ko phân biệt đc AI và thật ấy 😭 có phân tích cx ko nhìn ra đc đâu,0
Giống mỗi cái màu mà cũng đạo á ?,0
@Túc Túc,0
sao bảo làm ở Vin toàn người giỏi\, cạnh tranh khốc liệt mà lại đi trace tranh của sinh viên hả :)))) biết là Vin sẽ im lặng chứ k xin lỗi nhưng cũng mong ít nhất kỷ luật team design,0
ê bài Run của exsh beat y chang bài Born To Be r cái vũ đạo lướt dưới sàn như Boombayah BP🥰,0
đa số đến từ ATSH 🥰🥰🥰,0
kkkk hài nhúng,0
exsh vs atsh đạo 1 đống luôn bay ơi😭😭,0
Ko hiểu sao bài ngạo nghễ với DOC nghe giống that that với pink venom đc luôn á tr. Chắc tai tụi anti bị lãng !! Còn không thể nhắm mắt Hùng đính chính r mà,0
cái của jack y đúc luôn mới sợ,0
coi người VN mik bảo vệ nước khác kìa tr 🥰,0
tutu t nhớ ko lầm là DOC ra trước pink venom mà đko?,0
ủa bài pháp kiều nghe giống chỗ nào tr,0
ủa bài cuối giống chỗ nào v,0
Giống chỗ lào,0
Nói tht chứ t thích kpop hơn vpop,0
bài DOC với pink venom nó theo vibe ai cập nên nghe nó tựa tựa dị thoi còn mấy cái còn lại chưa nghĩ xong văn,0
Ko ngờ Phát Kiều trùng với Blackpink lun á mà tính ra nghe bài DOC quài ko nhận ra,0
song sinh rõ nhất,0
S bài sốc nhiệt t thấy kh giống gì het z😭,0
ê Copy ThatThat của Anh Suga tui thieccc hả😭,0
chẳng thể nhắm mắt😞,0
căn bản là t nghĩ đến dàn atsh đầu tiên 🥵,0
tự nhiên nghĩ đến cô biên đạo nào đó 😆🤡,0
Cái ổ chương trình của vieon ko đó,0
chia sẻ cho đám bạn fan V-pop liền:)),0
nghĩ đến anh HH đầu tiên 😭,0
đến cả outfit cũng giống=))) tuyệt đối điện ảnh,0
nghĩ ngay tới anh jungkook Việt Nam,0
tìm kiếm: hải tú bị sơn tùng đuổi xuống xe,0
thiều bảo trâm là ai vậy có ảnh chung vs anh tùng hay là bị cđm đẩy thuyền🤣,0
Sao hk ai chửi thằng Tùng hết z,0
Rồi mn lấy nguồn ở đâu z,0
hẳn là vk sắp cưới...cầu hôn chưa🤣...,0
chuyện thật k vay,0
có chắc cái thai là của chủ tịch ko😂😂😂,0
thiệt ko để đi đồn nè,0
Nếu là tôi \, tôi cũng ko chọn bà tóc vàng :)),0
cứ lâu lâu tbt lại thuê báo chí viết mấy bài vậy để giữ sức hút nhỉ,0
Ủa cái khúc con cái thật không mn. Huhu. Đừng đem con trẻ vào chiêu trò hay gì hết,0
này thật hay lùa gà v,0
Giờ tôi hỏi lại các em chọn jack hay sơn tùng,0
tẩy trắng nhanh thoii,0
Ủa rồi đứa đầu tiên đã ko đc công nhận rồi thì sao còn cố để dính đứa thứ 2 làm gì nữa ta. Nếu vậy mtp thương trà xanh thật hay đùa vậy mn,0
ST vỡ nợ ?,0
Có bằng chứng k mà các bạn kể như tiểu thuyết vây 😂,0
MoNo gặp TBT vẫn cười là thấy cô ấy uy tín rồi,0
Tùng 2 con lận mấy bro 😃,0
Chắc team j97 kéo,0
Kiểu này toang rồi\, về quê ở ẩn thui,0
TBT xứng đáng gặp người tốt hơn,0
tìm kiếm chris kyle lsao:))? cựu bắn tỉa mỹ đâu ra trên tìm kiếm z,0
Kỹ năng phản biện giúp nhân loại ngày càng phát triển.,0
Thương tiếc một nhân tài,0
Thanh niên chỉ bắt nạt được sv làng nhàng thôi. Gặp sv Cambridge thì tắt điện 😂,0
Bên đây đứng ra tranh luận như này thì nó bắt bỏ tò lâu rồi 😂,0
Ở việt nam bàn luận trực tiếp như vậy được không nhỉ 😅😅😅,0
Ở Việt Nam nói gì phải đợi Đảng cho phép nhé Redbull,0
Vn k có thằng quan nào dám đối mặt với dân 😂,2
thế thành tựu của Trump trước khi làm tổng thống\\
là gì,0
ông này tài thật,0
ông này tiếng anh giỏi kinh vậy😳,0
Ông này ko … sớm muộn gì cũng làm tổng thống Meo,0
và rồi ảnh…,0
Ông này chỉ giỏi ngắt lời người khác thôi chứ chẳng phản biện gì mấy\, chẳng thuyết phục được đối phương\, chỉ đặt những câu hỏi mà ngay cả đảng cộng hoà cũng giải quyết được,2
Cs nó rất sợ phản biện \, nên nó lun kìm hãm sự phát triển,2
Như trò hề,0
rồi tên này đi bán muối chưa?,1
Bên này cãi nhau có đúng sai\, Việt Nam cãi nhau thua là lôi đồng đội đến liền,0
quá hay,0
k hiểu j nma xem hết,0
kirl 2020💀,0
thằng đó ủng hộ diệt chủng Gaza và cái kết 😏,2
Hay nhảy vào miệng người khác khi nói nhỉ? Mình nghĩ nước tiên tiến mà tối kị cũng mắc phải,0
pow 💥💥💥,0
ước mơ Mỹ \, luôn luôn là như vậy,0
ko rẹp mai xui cả ngày ☘️☘,0
êy\, bác áo xanh có sao không z,0
Nể nhất mấy người nói nhân viên cây xăng chạy mất dép\, dạ cha ơi cha ! Bán xăng chứ không có bán mạng 😌,0
Ủa rồi ông xe ô tô kia bỏ chạy lun hả😅,0
Tội a nhân viên bị nặng nhất😒,0
kiểu này tước bằng lái vĩnh viễn chứ ko thì có ngày gây tai nạn nghiêm trọng,0
Ông nhân viên vừa bị cả cây đấy đổ vào vừa bị cháy không biết bác có sao không,0
thấy xe lùi mà cây xăng kh biết né 😭,0
may ông kia còn bò ra được,0
chỗ xe lùi mà cây xăng đứng trơ trơ ra z k biết né à 😌,0
Còn chị nhân viên vẫn bị kẹt ko biết có sao ko 😢,0
nhân viên nhanh nhẹn dùng bình xịt nè... mừng quá,0
t có cảm giác là người lái ô tô cố tình 🤨,0
trời ơi tội cái anh nv bán xăng kia quá\,cháy vậy ko biết có sao k nữa.,0
bác tài : ai biểu cái cây xăng nhìn đểu tao,0
đoán ng lại xe oto là phụ nữ ☺,0
Mấy khúc này k ai kêu bán xăng cho đàn ông là tội ác ha :)),0
Cha oto kia có phải đền không vậy,1
Người trong xe ko có mắt à,1
cái ông lái ô tô bị sao á,0
ê hình như còn 1 người đàn bà trg 😭,0
thế cũng có bằng ô tô,0
biết lùi xe ko z,0
ông bị cháy có sao k v,0
Định nghĩa của mng: Hẹn đi ăn ❌ Nói chuyện\,bàn công việc ❌ G.ạ.g.ẫ.m✅,0
Như vầy kêu đi bàn cv :)) quỳ lạy mấy mẹ😏,0
con t thở thôi cũng khổ,0
biết đâu tụi nó đi ăn xog làm gì thì nó đâu kể,0
lợi dụng đc mà kh dám xinloi sợ bị kiện 🤣🤣,0
ủa r đạo lí ở đâu hk cho ngta có bạn có bè,0
thấy cũng tội ông negav chuyện này có liên quan gì ổng đâu\, lúc nảy t đọc tin nhắn của PL bên mk_hongbien mà t tức dùm ông negav vãi,0
@Thích Cậu Vaiz hẹ đi ăn = gagam bố lạy tụi báo lá cải🥰,0
c vs bồ c lợi dụng N\, xog c quay qa thích N thật r bồ c cay quá đi phốt à,0
ai bênh nổi thằng ấm dâu,0
Khoan mà sao đi ăn dưới sự ủng hộ của bồ. Nhưng mà sao bồ lại chấp nhận,0
T là ai v,0
T là ai vậy mn,0
Cứ ám thằng nhỏ hoài 🥹,0
An đỗi tên rồi. Họ Lào. Lào gì củng tôn 🤣🤣🤣,0
4 kể chuyện con nhà lá tâm sự,0
Chứ t k nghĩ nhóc N đang thi\, đang cbi build lại sự nghiệp thì lại mắc sai lầm nữa đâu.,0
Lạy bố 🥰,0
Như nhau cả thôi,0
R sao cái drama vào cx gắn cái tên ah t vào vậy🙏💔,0
Em bị oan,0
49 gặp 50 cả 2 chả ai vừa kéo N vào tạo drama cho có tiếng chứ 2 tụi này chả ai quan tâm,0
cái cần là clip đâu 😂,0
đọc tin nhắn thấy 2 đứa kêu lợi dụng mqh của Negav mà\, là phốt ai z bây😂,0
Cái gì cũng đổ lên đầu con tao zậy 🙂,0
ủa T là ai nx z \, tưởng là N hay A thì cdm mới đăng dữ z chứ T thì liên quan chi đến nề gíp ta,0
3 đứa có đứa nào đàng hoàng đâu🤣,0
tôi nói thật chứ cỡ này không G63 thì giữ kiểu gì? sớm hay muộn thôi 😂😂,0
Mà xinh thật,0
tưởng cha kia hay lắm ai ngờ :)),0
Cái cộng đồng mạng giờ nghe ngta phốt gì cũng tin.,0
ai bênh được hay v,0
Ngại hết cả HH,0
Hùng Huỳnh yêu yêu 🥰🥰,0
thì sao VN sao chép thì sao đâu,0
là nói hay HH hay ekip HH z mn?,0
hùng huỳnh yêu 🥰🥰🥰😊,0
kệ chứ t thấy anh ta ok là đc rồi anh ta ko phải là bản thân các người đâu mà sao cứ phải gây khó dễ cho anh ta thế,0
ngại hết cả VN😭,0
rất ngại nha :)),0
Ngại hết cả Việt Nam,0
Hẳn là trùng hợp \, trùng hợp j mà giống đến 90%,0
Hùng thuê chớ đâu có may đâu,0
0 ai cả: mồm t thì nói thế nhm t bênh ngầm:))),0
Ngại hết cả Gemini😂😂,0
90% chứ 100% à,0
ôi trời,0
hùng huỳnh mat in korea mà VN nào☺,0
khổ 🙂,0
ối dồi ôi trình là gì 😞😇,0
ủa mình thiết kế màu khác dc mà 🙃🙃🙃 tại sao phải màu xanh mới dc,0
TÔI YÊU HÙNG HUỲNH VIỆT NAM 🥰🥰🥰🥰🥰,0
Hết hàn đến trung 😞,0
Mệt quá,0
Làm vậy TQ còn coi thường VN nhiều hơn nữa,0
Gì cũng nhận\, trừ covid ☺,0
bình thường tửng tửng mà thương zợ dữ,0
giống như chị Lê Yến,0
video dưới là quảng cáo,0
Gặp cô Sáu rep công việc thuận lợi\, làm ăn suôn sẻ\, tiền vô như nước 🍀🥰,0
Tại s mở ra k ph là ip17 lại thất vọg???đến gập ip17 tht ms vui mừg??? Dù trg hộp là 1 cây kẹp hây 1 chiếc móc khoá thì cx nên vui vì đó là quà của ng thw mik mà? Đây là tik iu k phân biệt giàu nghèo s???,0
🤣🤣🤣 vaizz trưởng điện thoại mèo tôm ông azai kiếm đâu ra đấy,0
Xem mấy chục lần ko thể lướt đc vì cute quá,0
Ngta hphuc \, t cười☺,0
Rep xả xui cực mạnh cho gđ và bản thân 🍀🍀🍀🍀🍀🍀,0
Tính ra ck tui ảnh khô khan ghê\, nói e thik màu cam\, ảnh đưa cái thẻ đi tự mua \, chứ k dc lãng mạng bất ngờ như dị\, thik cảm giác lãng mạng như dị nè,0
Thấy được là duyên. Rep bà mai mắn quanh năm\, bình an và tiền đầy ví có mua 17prm cho người yêu❤❤❤❤,0
nhìn ông này cười trông đẹp zai ghê,0
Tui thích 2 vợ chồng này nè.,0
Tiên sư hp thế cho hp với,0
Bạn có tin không? Rồi có một ngày Cô ấy sẽ dùng chính cái điện thoại này để ship cho bạn cặp sừng nếu như bạn không kiếm ra tiền để mua tặng những món quà đắt tiền nữa 😂😂😂,0
Oba này tướng phu thê quá luon á troi,0
dangyeuu í,0
Ngưỡng mộ quá hihi,0
Đã vậy trời,0
Ê ổng bth thấy cũng đẹp chứ ta,0
t đoán đc trong hộp k phải ip17😂,0
manifest có bồ cưng chiều t awwww,0
Bây khỏi,0
Cười lên cái giống nhau zữ trời 😂😂,0
chắc mỗi t mua bình nước về vẫn đun xong mới uống🙂,0
Phạt thật nặng xem có coi thường pháp luật kg 🤣🤣🤣,0
má ơi.đang uống lavi luôn,0
Xử lý mạnh vào.,0
H biết uống gì bây giờ,0
mua của Ion Life uống cũng được\,nó là nước kiềm tốt cho tiêu hoá\,giá cũng ổn áp mà chất lượng,0
chỗ tao có 1 chỗ như vậy :),0
ê trường t…,0
nhìn thùng lavie mà ko biết,0
😊😊 mâ,0
mạnh thí,0
nhà t lấy nước mưa đun uống,0
chỗ tui 10k một bình 😳,0
Ôi mẹ ơi😢,0
má ơi\, 70k 1 bình ko phải rẻ 😼😼,0
Bảo sang uống thấy vị khoáng 😂😂,0
Trường ai cũng có 😳,0
chị trung tá trẻ và xinh quá 🥰,0
trời ơi mình cũng uống,0
Vãi ò cty tui toàn uống lavie,0
mạnh tay vào cho dân được nhờ cCA ơi,0
Sợ thật,0
trời ơi đang uống và mua thường xuyên bình nhãn lavie y hệt như này,0
Quá nguy hiểm 🥲,0
cái nghèo đã cứu tôi rất nhiều lần,0
Ăn chay trường 9 năm nên khả năng né đòn này 100% \, còn đón khác thì chưa biết 😆😆😆😆😆,0
Phải nói trí tuệ người việt quá siêu phàm! Thế giới xem xong clip này phải chấp tay vái lạy🙏,0
hidafood đi ăn mấy nhà hàng nhật nên hỏi rõ nhé ae 😂😂😂,0
nhà tôi may rau luộc đậu kho 😂😂,0
trông cũng sạch sẽ mà 🤣🤣,0
Mấy quán BBQ có lẽ đầy mà rẻ.😁,0
Dân tộc tôi\, đất nước tôi,0
Luật phát phải thay đổi cho các tội danh làm giả thực phẩm hại con người này\, gieeet,0
loài người là loài đáng sợ nhất,0
Cái nghèo đã cứu tôii 😭😭😭,0
Tự hào việt nam,0
Phạt nó ăn bằng hết chỗ đấy thì thôi😏,0
quá dã man,0
Sợ thật mình nghèo không có tiền ăn thịt bò kiểu này .nghèo là an toàn nhất,0
Có trong siêu thị eaon ko ??,0
Quan trọng là có ảnh hưởng đến sức khoẻ ra sao🥺,0
Lại là ae 36 tôi kkk,2
Quá sợ,0
nghèo là 1 lợi thế,0
Ê ý là ai hỏi á,0
những thứ chúng ta ăn😂,0
Bò guwy của tung của đây mà.,0
thế bà kia ko đi làm à,0
Thới buổi này còn lương 8tr sao ta,0
T ko cầm tiền chồng\, cũng k đưa tiền cho chồng\, nhưng tiêu gì là chồng chi :))),0
Ta nói pha cuối đã gì đâu 🤣🤣🤣,0
Làm lương 8tr mà tiền thuê nhà hết 5tr /1 tháng. 😂😂😂😂 . Làm ít mà ở sang quá vậy 2 ngừ,0
Thề luôn . Chắc các ông chồng này sx theo lô rồi😒,0
Ck t đưa 6-7tr mà tôi cứ nghĩ 6-70tr 😆,0
ck t đưa 12 tr nuôi 2 đứa con đứa mới đẻ đứa 2 tuổi tiền ck đi làm mà cuối năm hồi dư 100tr không\, cưới được 3 năm hỏi dư chắc được400tr r chứ gì,0
làm 8tr mà thuê nhà hết bố 5tr 😀,0
nói thật là\, làm lương 8tr thì chẳng ai dám thuê nhà 5tr cả đâu\, kể cả 2vck lương 10tr cũng không dám\, đắn đo chỉ tiêu đủ thứ\, nên làm content phải biết suy nghĩ chiều sâu vào,0
Cái này conten thôi chớ. Ck ko làm đc công việc thứ 2 để chủ động chi tiêu à.,0
Đưa cả 8 triệu mà ko tiết kiệm được đồng nào thì chịu thật rồi 😂,0
Chồng mình chỉ nhớ chuyển cho vợ bao nhiêu\, chứ k nhớ đã lấy bao nhiêu. Lạ thế nhỉ.,0
nhìn cái nhà bảo 8tr t meo tin,0
Đù coi video này ta ghen tỵ ghê🥺🥺🥺 lương ta 10tr mà vk ta ko cho đc 1 đồng tức ghê🥺🥺,0
8tr còn đell đủ tao ăn sáng 1 tháng 😑😑,0
Mình thì chưa bao giờ lấy hết tiền lương của chồng cả \, lương ck 15tr nhưng mình chỉ lấy 8tr \, còn 7tr để ck trang trải mua đồ ăn sáng cho 2 mẹ con mình \, tối dẫn 2 mẹ con đi ăn đi chơi rồi còn để ổng tiêu và muốn mua gì mua chứ lấy hết r ổng xin tiền tội hihi,0
Tao phải tag thằng ck tao nào đây,0
Chắc tại t ác\,pha cuối vừa bụng t ghê😂,0
Rõ ràng tiền cua mình mà lại phải đi xin,0
Chân dung các ông ck hiện nay. Các bà các mẹ bảo ck nó ngoan lắm. Có bn đưa vk hết 😂😂😂,0
Có ai giống tui k : 2vck kh ai giữ tiền nhau \, đều có công việc ổn định . Chia nhau chi tiêu. Nhưng tiền tui giấu rất kĩ ổng k biết\, nhưng tiền ổng tui lấy chôm miết 🤣🤣,0
cắt tóc 100k\, giá hơi cao nha bà😂,0
900k đi cắt tóc??? ông đào đâu ra cái tiệm cắt tóc quý tộc thế? nhiều hơn đi đám cưới thằng bạn?,0
cái chách mà tui ở Đà Lạt nge rõ luôn í\, đã tai gì đâu 🤣,0
quân tử là ở đây kkkk,0
Ủa a ca có chống trả lại đau mà tk kia mất 1 pha đèn r 😂,0
bắt về mấy anh có khuyên em ấy ko nhỉ,0
như thê nay mà thå ra ngoai 🤣😁😁 đung la viet nam,0
dân chơi thứ thiệt,0
Gậy ngay tay mà ko lấy,0
xong rồi,0
công an không có vô sao ta,0
Công An sao không có dụng cụ hỗ trợ bên cạnh vậy ?,0
tg áo đen chạy nhanh đó 😁😁😁,0
Bất mãn chế độ à =)),2
vậy xuân đi xa luôn,0
Tắt bóng đèn 1 bên,0
vụ này lâu lắm rồi mà,0
nhưng mà sao lại bịt 1 pha thế kia kkk,0
tin đc không ?,0
ryo à,0
3 tiền án vẫn thả ra đc 😂😂😂,0
o ngoai tu do thieu an nen kiem duong vao nha tu \,,0
giỏi z con trai . xuân này con k về,0
anh áo đen chạy đi đâu vậy,0
Chắc mắc nợ 😂,0
vãi nguyên 1 combo tiền án,0
anh chị ơi e cúi đầu xin anh chị giúp e 40k mua thuốc cho con e bệnh e k xoay sở dc nữa🙏,0
chụp ghế lụm liên..a c.a hoi hiền nh👍,0
Thực sự ko ưa nổi tam triều dâng,0
Tại t ác nên t thấy nữ chính mới là người thứ ba bây ơi,0
H thấy nhan sắc c Thanh Vy thăng hạng lắm luôn,0
Nhỏ này mua vai để dc vai 9 hỏ .,0
🙏🏻 T ác hay sao thấy nu9 bị đánh mà tao hả hê .,0
s mẹ nữ 9 hung dữ dữ vị 😂,0
n9 toát lên cái nét bb3 vô cùng:))),0
Thiệt chắc tâm tui ác chứ coi phim này tui thấy bà nữ chánh bị quánh mà dừa lòng tui ghế 😁😳,0
chưa coi phim này\, nhưng nu9 là tiểu 3 thiệt hả mn? 😱,0
Ê t ghét mấy con đỗn lì ra dẻ ngây thơ thảo mai.Khờ khờ mà thực sự biết hết á.Nói nó trơ trơ ra ghét vcl,1
Êk t coi cái phim này con nu9 nó như bb3 vậy :))) nu8 nó từ đầu là chính thất rõ ràng :))) vãi thiệt tính ra nu8 nó k có ác luôn á :))) t mà là nu8 t k ăn đc t phá ấy tại t đâu có sai từ đàu má coi mà t thấy nu9 đúng bb3,0
coi nhỏ nu9 khóc mà t muốn lao vô quánh phụ bà kia ghê ☺,0
bà bị đánh là Rima Thanh Vy phải khong ạ,0
Phim gì v bn,0
cô Thanh Thúy diễn đã cái nư gì đâu,0
nữ 9 như tiểu tam luôn,0
ủa cái phim này tiểu 3 n9 thật hả mấy mom\, e chưa có coi nhma thấy hiện nhìu nên có hơi tò mò\, nếu mà tiểu 3 là n9 thì cái phim gì tam quan lệch lạc quá v?,0
nhờ cảnh ghen của tam triều dâng tui ms xem bộ này,0
T chưa coi phim nên cho hỏi con bị đánh là nữ chính ah mn,0
Chưa bao giờ xem phim mà n9 bị oánh mà thấy đã như thế 🤣,0
Nữ 9 ba chấm,0
Phim gì v các mom,0
Nữ9 trà ☺,0
J v má này là sample mà,0
hiểu sample là gì ko?:))),0
văn của fan kpop: nhạc việt hơi giống 1 tí: đạo nhái nhạc kpop giống: dùng chung sample thôi,0
Nghe nói sample mà sample là j v:)?,0
Lisa đăng bài tố đạo nhạc chưa:))🫤,0
Ảnh có tiền? Ảnh mua thì tụi bây ý kiến gì,0
Đặc sản mỗi mùa 🥰 \, riết t lười tức,0
cái tiếng chỉ hơi giống thôi chứ có giống nhịp đâu,0
Ủa cái này là sample mà đạo nhạc đâu ra vậy mấy má \, hở tí bảo đạo nhái chịu rồiiii,0
😭🙏 mùa 2 hay vkl mấy con gà im,0
cả mùa 1 lẫn mùa 2 chịu r,0
ê t hỏi Lisa là ai?.,0
Hết đoạn kịch câm rồi tới make up,0
lại tới nữa rồi đó,0
sample mà tụi m kh bt gì về âm nhạc hả?,0
nhạc nước khác thì khen lấy khen để\, nhạc nước mik beat\, giai điệu giống 1 đoạn là nói đạo nhạc???,0
anh trai say hi họ lào 😌,0
Lấy ý tưởng Ko đc hả,0
ủa beat nó khác nó khác nhau,0
mua simple má ơi\, mà công nhận đội trưởng Việt kiều nên cái bài nó nghe nó Mỹ Mỹ he,0
hèn gì nghe quen,0
fan kpop coi mà chai cái mặt luôn,0
Ủa mua sample mà tr ????,0
mệt nh\, nào nghệ sĩ nước ngoài lên tiếng thì đăng,0
Tìm kiếm: hải tú và thợ xăm,0
Sinh Nhật phải vui vẻ lên nha Tú \, đừng để ý những lời nói tiêu cực của mxh vì mình có phải con người đâu mà,0
Ủa tưởng bả 27-28 tuổi,0
Đầu lòng 2 ả tố nga. Thiên An là chị\, Hải Tú là em 😌,0
Có thể là bị chửi suốt đời luôn á tr 🤡,0
Nhìn cái lỗ trên bánh kem chắc cũng phải quay đi quay lại để diễn,0
Vẫn là bộ mặt tâm cơ đey😂,0
phải thật yêu đời và vv cho mấy đứa nó tức chơi 😁,0
1 ngày cạn phước khi lướt trúng video này 🥲,0
bạn này ny a thợ săm nhỉ \, vừa xem video trên song \, chúc 2b hp sớm lấy nhau nhé🥰,0
Vòng cổ\, khuyên tai\, le lưỡi…,0
sinh nhật vui vẻ nha c iu 😘😘😘 nhớ unbox quà fan tặng nhé🥰,0
Phải bánh màu xanh mới chịu nha 🤣🤣🤣,0
Sự bình yên của hải tú là nổi khó chịu của cả đám cmt ở dưới :))))),0
Nói gì nói bả vẫn đẹppp,0
Êy tóc còn ít quá nha :))),0
Éo thích nhưng vẫn vô cmt kháy ngta 😇 tụi rảnh l,0
Ý là fan Tùng vớ đc ả này có hãnh diện ko ta,0
trông mặt mãn nguyện quá =))) zai lớn chuẩn bị zô lớp 1 rùi:(),0
Vẫn chưa có danh phận 😩,0
bánh lẫn người hợp nhau ghê í\, ở bên nhau đừng buông tay nhau ra nha tù túng😂😂,0
K ấy sn mình chụp lại bộ tảng đá to hơn đk k 😅,0
chúc mấy e fan củng làm bộ ảnh để đời giống idol của mềnh 🤣🤣,0
Vào đọc cmt thấy 1 đống người dùng thời gian \, phước đức của mình đi chửi công kích 1 ng chẳng liên quan gì đến mình \, chẳng phải chuyện của mình :))),0
ê nụ cười tâm cơ dữ dị bà\\
😂,0
Mua giá cao mà còn giả. 😌 Đặc biệt mỹ phẩm.,0
shop mall còn giả nữa mà,0
mua trên tik tok toàn đồ giả là nhiều,0
Tui mua bút Thiên Long bị giả,0
Hasaki cs giả ko ạ?😅,0
Sợ Kem Đánh răng,0
Co nhãn chử mall cung la giả ư 😦,0
Nhất là Tik Tok và shoppe 😢,0
quần áo rẻ thì họ mua thôi,0
mua ngoài tiệm còn giả nói gì trên mạng,0
mua hàng trêm tokrok ko lần nào vừa ý,0
Nhà mình đồ điện\, như xe máy \, tủ lạnh \, máy giặt\, nồi cơm điện\, ti vi\, nồi chiên ko dầu \, nói chung tất cả đồ điện dân dụng \,quần áo. vv,0
trên mạng hay ngoài thị trường thật giả lẫn lộn .,0
Tiền nào của nấy thui. Của rẻ thì lấy đâu ra chất lượng tốt.,0
chít rồi mới đặc mua kcn hoang mang quá😂😂😂,0
rẻ đa số gàng kém chất lượng. hàng online phá nát nền sản xuất nước nhà,0
Toàn 1-200k thì lấy đâu xịn😒,0
Bởi vậy mới rẻ đó😂,0
80% là noname\,nobrand thì còn nghe được\,còn bảo hàng giả thì chịu thôi,0
Mới nghe ông nào đó trên bộ công thương nói ko phát hiện hàng giả trên tmđt,0
Chính xác toàn giả \,còn bị họ gạt nữa.Mong muốn xử lý hết...,0
Ham giá rẻ thì chả giả,0
Kệ 🤣,0
Tiền nào của đấy ....,0
Thực phẩm nhái mới sợ còn mấy đồ dùng tào lao mà giá vài chục thì vẫn cứ mua miễn sài ổn là được 🗿🗿🗿👌👌👌,0
đừng mua\, xài 1 tuần hư đèn led r,0
phét dùng có 1dieng đã hết,0
Bao nhieu 1 cai,0
Sạc suốt đêm rọi 10 phút sập nguồn,0
10 tiếng con khỉ sạc cả đem chưa đày 1 tiếng sập nguồn mua thử rồi nha khéo đi đem lại ối rồi oi,0
Đèn này nhẹ đầu mà nặng con mắt 🥺,0
cái nhiêu shop,0
Dùng ok,0
Pin trâu 10 tiếng ?????🤔🤔🤔🤔🤔,0
k có giỏ hàng à,0
pin được mấy giờ vậy shop,0
mau het pin lắm,0
K nên mua như đầu bùi v đó,0
xin giá,0
mua về Sài được 10 bữa hư.. lạiii,0
kéo sáng ác,0
bực mình\,. dung dc 20p ma k sáng,0
Đèn này ai chưa mua thì ko nên mua ko mất tiền đấy,0
giá sp,0
giá bán sao vậy bạn,0
3p hết pin 😳,0
Sạo chưa tới 1 h đã hết bin bin sáng mờ,0
sài được 1 tuần sạc kg vô \, tiu luôn🥺,0
Đèn sáng ok nhưng sau thời gian ko sạc được bật Lên được 2s là tắt,0
trời ơi mẹ kế😭🙏,0
giáo dục giới tính quan trọng lắm..,0
ngay từ nhỏ đã dc huấn luyện😔,0
chú cũng thích giống bé á,0
quen đấy c ạ. con e 2 tuổi e đã k cho sờ ti r. e nói nhỏ bêu bêu xấu hổ. lớn r còn sờ ti mẹ.,0
t hồi bé sờ nách mẹ t mới chịu ngủ 🥰,0
thôi t chịu r,0
tuyêt vơi qua gông chi,0
ở Thái Lan cũng có phim mẹ kế,0
có nhận con nuôi nữa ko,0
tí có chuyện con bạch bạch mẹ kế,0
ngay từ nhỏ đã được huấn luyện,0
Chắc là đc huấn luyện từ bố r đấy😭,0
trc khi sinh hay làm vậy là sinh ra em bé cũng có thói quen y như v á,0
ngày từ nhỏ đã được huấn luyện,0
đã mạnh r còn j,0
nhanh lên con còn đến chu,0
Sáng nay mới coi xong,0
xong chưa đến lượt chú,0
công cha sinh không bằng tầy mẹ dưỡng. chúc mẹ con em một đời bình an GĐ HP nhé,0
ngay từ nhỏ đã được huấn luyện:,0
con là đứa thất lạc nè mẹ😅,0
nhanh còn tới anh,0
con hơn cha là nhà có phúc💔,0
Bài tập cho mn cần: immersive interactive warm up 😂,0
con gấu trúc liên quan gì 😳,0
pro ns vậy k vui nhe,0
bảo việc nhà làm hết rồi k ai tin,0
Đoạn cuối là xoay dj a a a chứ,0
Rồi bao giờ mới đổi bên,0
muốn tập theo tìm ở đâu 🤣,0
Dễ thương,0
Tôi có ý này 😂😂😂,0
cho tôi xin nguồn video những bài tập ấy nhìn cuốn không thể tả,0
lướt kg rep xui cả năm,0
Tập vậy có tác dụng gì nhỉ. mà cuối cùng là tập tay hay tập eo,0
Ê hay,0
immersive interactive warm up \, dị mới chịu tập đó 🤡,0
Này đâu ra á mn,0
bựa vl =)),0
@⚘⡱ ♡ Leonie ☾˖° ❀:Bài tập cho mn cần: immersive interactive warm up 😂,0
cô mik cho giải trí bằng cái đó nè,0
Éo má khớp thế👀,0
thế nào lại giảm đc cân,0
bữa cô mới mở cho cả lớp nhảy😆vì buồn ngủ😆,0
sao tui thấy nhức nhức nhở,0
Mở miếng che xong thấy người yêu cũ 🗿,0
Bỏ đi cũng được. Nhật bản nó có số đâu. Còn đèn vàng nữa mà,0
Còn 2-3 giây thì phải tăng tốc chứ😁😁😁,0
Đèn đóm thì hay chập chờn hỏng hóc lắm còn cái cam phạt nguội thì lúc nào cũng nét căng chả thấy hỏng bao giờ thế mới tài chứ lị 🤣,0
Mô hình thì như các nước phát triển nhưng phải nên nhớ đất nước ta còn đang thu nhập trung bình thấp. Nhà nước ngày càng đưa ra những luật và cách làm việc vô lý. Người dân họ đang nghi ngờ về bộ máy chính quyền đang điều hành này.,2
Ra đường bây giờ phải cố tồn tại,0
Theo mình thì nên để giây đèn xanh còn bỏ đếm giây đèn đỏ,0
Không có đếm ngược giây mới bắt được nhiều xe vượt đèn đỏ,0
biện đại lắp thì hay lỗi,0
đúng rồi\, còn mấy vụ đang đi bình thường đèn xanh còn 20s tự nhiên đổi đỏ phát phanh gấp tí ngã\, quá nguy hiểm,0
thế biết thời gian nào mà đi,0
dân sai thi nộp phạt. đèn sai thi ae sr nhe,0
Phanh ko kịp khi xanh sang đỏ.,0
Bỏ đếm giây đèn đỏ thôi còn đèn xanh thì để 8s cuối là hợp lý nhất,0
8 giây là đủ tg xử lí rồi,0
Nhiều chỗ còn 5 lên 7 :))))),0
Phanh thì nguy hiểm tính mg còn ko phanh thì 4-6trieu😓 lụa chọn đỏ đen😔,0
Tăng ngân sách cho nhà nước 😂tiền trong dân còn rất nhiều,0
Công an thay đổi chóng mặt,0
chỉ khổ người lái xe,0
thế mí vượt đèn đỏ dc,0
hú òa.. ngạc nhiên ko 😂😂😂,0
Đến nút giao phải giảm tốc độ,0
Nháy 8s với nháy 20s\, 30s\,\,\, khác nhau à,0
Đang 13 giây xanh nhảy phát sang đỏ luôn,0
Bỏ cũng đk tất cả các phương tiện khi đến nút giao cắt đều phải giảm tốc độ,0
các thủ trưởng trên thì k biết\, các cấp dưới thì thiếu tích cực => dân khó khăn thôi,0
Về đất thì chán lắm thôi,0
Do thành phố ấy chứ\, phường làm gì có quyền quyết định. Mà thành phố thì lâu lắm.,0
Trời ơi gì mà khổ dữ trời,0
nhìn ác zữ vậy truoiii😳😳😳,0
thủ đô văn hiến ơi,0
Công nhận Hà Nội quy hoạch nhiều thật. Nhất là nội thành,0
phải nhanh lên\, phải nhanh,0
Có thể là hình ảnh về văn bản cho biết 'Đen thôi Đỏ tuyệt chủng cmnr',0
Tự do vs dân châu âu thôi,0
Nó lại lost teach vãi l**,0
Đéo hiểu thời đại nào rồi còn có não tàn như thằng đăng bài,0
Lên bài mà khóc cho bọn chămpa đi,0
Sinh con để giải cứu đống bds =))),0
GS cũng đơ ra vì éo trả lời đc còn ý kiến gì,0
Nông thôn nó còn trả lời như thế này thì chắc là thành phố nó còn ối giồi ôi hơn quá :))),0
Phạm Thu Hằng,0
Nguyễn Việt Hoàng,0
Sao chuyện này thì đéo thấy tế nhiều như thế? https://baobacninhtv.vn/vu-nu-sinh-lop-6-tu-vong-biet-hoc...,0
Điển hình người ác sống lâu.,0
Hồi đó cũng đã xem tin,0
Có info mxh con tinh trùng khuyết tật này không?,1
có bằng chứng gì không khéo ăn tội không vú,0
Tháng nào chả lên bài :)) k fb thì tiktok.,0
Đến hẹn lại lên 😢 ngày tế chắc thua đúng lịch 2/9 với 30/4 chứ k năm nào các thầy mo trên bản quên tế 🥲,0
Ad đâu gòi. Tranh thủ lọc mem đi kìa 🥴,0
Lại rằm,0
tao từng bị táo bón nhưng từ khi thấy nhỏ này tao chuyển qua ẻ chảy 🙂,0
Đặng Hải Tùng,0
Thực sự tới giờ cũng ko biết bố nó là ai,0
ủa .. sao nghe nói là lấy lại danh dự cho Khôi rồi mà ...,0
Rồi bị phạt 7 củ 5 hoặc ăn 331 lúc đó lên kêu khóc.,0
Mai rằm ah ông ??,0
Năm nay lạ quá nhỉ !,0
Nhựt Bin,0
Nhảm vcl mang rác về gr,0
Đến hẹn lại lên,0
Vẫn là con tinh trùng khuyết tật ấ,0
Giờ con này còn sống không mn,0
Nay 1 hay rằm 😏,0
Chúng m cứ bênh đi. DM rồi đến lúc có bị hãm hại lại kêu cứu cộng đồng mạng haha,0
Ông trời đ muốn cho nó ra đời r mà còn đi thụ tinh chắc này là dự án thất bại nên mới ra nó,0
đã tới ngày giỗ rồi à.,0
Nữ có lan thy nam có âu nhật huy :)),0
Tên là Liễu Nhu Yên thì đúng hơn,0
Sống đủ lâu để thấy có người bênh và ủng hộ LThy 😂,0
1 bài viết eo giải quyết đc vấn đề gì ?,0
nạn nhân còn die r cơ ak,0
thế là th cu kia sốc đến nỗi đột qu.y luôn à @@,0
Lạc quan đến độ trơ trẽn :))),0
Cười mà,0
Th này mặt dày thật sự 🫨🫨,0
Nhìn gét vl 🙂,0
Mặt dày vl,0
Mặt ảnh với cái mặt đường không khác nhau tí nào vừa dày vừa chay,0
Thằng này ko biết xấu hổ hả trời. Mất lòng tự trọng hả em,0
Đùa chứ Pháo xinh khủng khiếp ý. Mình là nữ còn mê ý. Bài này nghe đi nghe lại chỉ để ngắm Pháo,0
Giả ngu như thiệt,0
Phán xét cái chim mẹ nó á😘,1
Sao mặt nó dày v nhỉ 🥲,0
mặt dày hơn cả móng nhà t,0
Cười đ é o jv mại,0
Má này lm màu quáa🙄🙄🙄,0
Ảnh biết nói về ảnh k ta,0
Trơn trẽn,0
Này vi rút chứ viruss cgi,0
Thằng này như 1 con dòi k phải con người nữa ck t bảo vậy,0
Ảnh mặt dày vậy sao?,0
mày cx dày cộm v cha,0
Xem ở đâu vậy ad,0
Mặt dày thật đấy,0
chắc da mặt dày lắm,0
sao mà trẽn vậy ta:),0
Mặt dầy thiệt chứ kk,0
Đa số các bài buồn thì pháo viết các ver này như diss vi rút,0
Lì v cha,0
Thằng xl k ưa đc 😆😆,0
Mặt dày hơn bê tông hãm,0
Thằng hãm,0
Có nhăn đâu,0
Bố cái thằng vổ này. Đã vổ mặt còn dày,0
Gāo Kāixiàn mặt dày hơn bê tông cốt thép,0
Giờ anh đã hối hận chưa😌,0
Má slogan công việc như đá đểu viruss luôn 😂😂,0
Đặng Quang Đông,0
Đây là họ ghép thôi,0
Dạo này kém fame thế à mà ê hề thế,0
Để ý gái thôi nhạc có nghe cũng có nói gì đâu…thằng tồi,0
nhăn chỗ nào v,0
Mặt cớt này vẫn còn có ng xem à....,0
chắc đéo húp đc nên hơi nhăn :)),0
bài hát khổ nhất thế giới :)),0
Nhạc thì như cc mặt thằng rì viêu thì như cl,0
Xàm cứt,0
Mặt dày v ông,0
Mặt dày có tiếng lun:)),0
Nhìn mặt ghét vl,0
Lan Anh Thương,0
Ê anti sạch tí đi bàaa,0
sao a mặt dày giữ vậy,0
Vie Vie Mỹ Phương 🙃 lạy luôn,0
Vẫn còn dám reation cj pháo à? Mặt dày z,0
Tất cả những người họ thích anh..,0
Bố thằng dở.,0
Như thằng khùng,0
Nhìn mặt nó người mù mà thấy đc thì phản cảm lắm 🙂 dày hơn mà đường nx,0
Thế là lại có drama để hóng à !!!,0
Lịch sử nào cho xem mặt với,0
giống như con cặc mà đòi luật sư ^^,1
Nhìn mặt hãm vl,1
Quyền ụ free rồi anh nhé. Nta chưa kiện a thì thôi 😏,0
Chắc đi triệt sản may ra:)),0
Bộ sưu tập lỗ đen vũ trụ,0
Văn phòng kiện peter,0
Dữ dị sao,0
nhìn mặt k có tí cảm tình nào ý thật :)) sao mấy c kia đỉnh thế mà dính nổi nhỉ,0
Clm cái mỏ ảnh nhọn coi cìaaaa,0
Đặng Nhàn,0
Đéo luật sư nào tham gia đâu. Vương Công Đức vụ Trương Hồ Phương Nga là 1 ví dụ. Lừa ai chứ đừng lừa CĐM,0
Muốn đớp nhiều e thì câm cái họng lại còn đỡ chứ há miệng cãi tay đôi với đám bị đớp thì k có gì ngu bằng,0
Vi khuẩn đang kháng cự,0
Thì ra truoc buổi live ãnh đi gặp luật sư roi,0
Đéo bt kết thúc thế nào nhưng chắc chắn ô vi khuẩn là 1 ô lăng nhăng và những thằng nổi như nó đớp hết e này e khác(bản thân các e cũng muốn Bị đớp vì cũng có ý đồ riêng) là chuyên b thường chỉ có điều nổ drama ra thì ô nên im lăng đi thi hơn k nên lên đôi co làm j vì ô sẽ bị thiệt hơn.các e lêm phốt thì hội chị e này nọ sẽ vào bênh chứ hội đàn ô nó ít vào b vệ ô lắm,0
Lúc mới biết tới mxh gặp thg này là kiểu đểu đểu 6 rồi mà tại s mấy bà mê chả hiểu kiểu gì,0
=)) lừa đảo,0
Tham khảo vài luật sư nữa thì chắc luật sư ban đầu anh nói chắc người không nhận ca anh rồi,0
Dung Tran,0
Oẹ🤮 dè chừng cái qq🙄,0
Thề. Nhìn mặt thằng này ko thẩm nổi,0
Pháo said: thắng đời 1000/0,0
Hoàng đặc cầu,2
Cãi ko nổi h xài pl,0
mồm thằng này nhìn như cái lò xí í.trông khiếp,2
Ông nào nhận vụ này 😷,0
Nhìn mặt đểu thế nhỉ,0
Hãm lìn,1
Đểu còn đóng vai nạn nhân,0
Luật sư nào chứng cho 🤣🤣🤣,0
Vi rút🌝,0
Sao iu hay dị tr,0
Cát xê của luật sư nhiêu,0
Cái bản mặt hãm L chết mẹ,0
Con vi khuẩn,0
Tồi ghê á,0
Đúng là thằng đàn bà 🤣🤣,0
đàn bà quá mệt ghê,0
Công ty luật nào chịu hỗ trợ ô này vậy,0
Muốn chửi,0
đúng vi - rút,0
đàn ông gì mà kinh vậy,0
Mặt dày,0
Thằng ml 😌,1
Nực cười 😂,0
Ảnh quen laydy bôi,0
Thằng méo này ko hiểu là cái thứ gì nữa.,0
Tớ tớ cái cc nghe mà táo bón mẹ luôn,0
+1 concac có tên :)))),1
Bớt diễn,0
😂😂😂 thịt 3 4 cô 1 lúc xog lại đòi các cô xin nhỗi mìg. Mìg cảm thấy bị tổn thương 😂😂😂,0
Thiệc cmm,0
Bố thằng điên,0
Đã xau mà con thăm . Kkkkk,0
Kiếm cái lỗ mà chui đi lại còn đi gặp lsu nữa. Tsb ko biết ngại hả trời!!!!,0
Méo gì cũng ố kề,0
Luật sư có mà sư bố nhà mày cái thằng viruss,0
Ko có tý hấp dẫn nào mà lắm ng thích nó thế,0
Ko những hèn mà còn tồi.🙄,0
Pi tơ ăn no vi rút cũng đỡ nguy hiểm,0
Thằng tồi,0
Đàn bà,0
Ai dè rén cl gì đâu :)) dắt như dắt bò,0
Thiệt thòi cái loz dell ai xl đụ mạ iu 10 con lừa con ng ta họ chk nói j mik lm tô ra,1
Rồi mai mốt cả đám thưa ngược lại con 🦠,0
Md vô cùng,0
Nhìn thằng này mặt thỏ mỏ dơi. Không hiểu sao con gái bu vào nó.khó hiểu vô cùng.,1
Ỷ có tiền mà tiền kiếm đc từ đâu từ mọi người cho hãy nhìn báo ứng,0
đúng là những th đeo kính thường rất nguy hiểm,0
Ủa lúc đầu bảo là đi gặp luật sư của ảnh mà 😂😂 sao h lại đi thêm vài luật sư nữa,0
sao tui muốn táng cho cái thế nhỉ,0
Mịa thằng nhìn mặt hãm,2
Văn vở i chang 1 người,0
Thằng này yểu tướng,0
Nhìn đã thấy ghét,0
Mặt trơ trẽn,0
nên mặc váy dùm 🙂,0
Nếu mà kq như mong đợi thì đã ko đi nữa,0
Mỏ đã nhọn còn quay từ dưới lên😮‍💨,0
Trông như thằng mặt loz,1
Lua lắm vào,0
Thằng 2 phút,0
Bố thằng vâu,0
Giả tạo dữ mas,0
Mắc ỉa quá anh vi khuẩn ơi,0
Nói chuyện 1 mình vl,0
Con vi khuẩn này vẫn chưa chìm ạ 😏,0
Ụa rồi luật sư đau mà nói 1 mình vậy ba,0
Mặc chiếc váy đó vô dumg em,0
nhìn mặt hãm lol,1
=)) quá khôn,0
Rác chứ ráp gì,0
Nghe chẳng hiểu gì cả,0
Nội dung bài hát . Nghe đ hiểu gì luôn 😂,0
Chắc mình đã già rồi 😢 nghe cho có nghe chứ ko hiểu j luôn,0
Nhạc nhẽo kiểu đầu bòi gì thế này.. nghe mẹ con ve sầu nó kêu còn dễ chịu,0
Sao mê ba này,0
Ai dịch hộ em lời bài hát với 😁,0
Tôi k hiểu bài hát này có nghĩa lý gì,0
Nhạc như cc k biết hay gì đây,0
Thề gu thằng vẩu mặn khủng khiếp,2
T đ biết pháo là đứa nào cả 🥹,0
Nhìn ghớm,0
Bài này mà so hơn bài bắc bling thì chẳng hiểu vì sao nữa...,0
ít ra pháo đỡ hơn một rap nào đó,0
:phải mình kh ta=))))),0
Pháo cao tay quá =)),0
Tham hoa am nhac ma lu chung may tung ho,0
Thế đòi xứng với Bắc Bling của Hoà Minzy....,0
dừa lắm,0
Bài chả hay gì mà cũng được top1 con bắc bling xuống top 2 rồi thấy bắc bling hay hơn nhiều,0
nhạc như l,1
CA si do ha😂😂😂thua tao hat,0
Hát cái quần lệch gì vậy 🙃,0
Chắc mình bị lsao nghe nhạc tiếng Việt mà k hiểu gì 🙂,0
Mặt giống con tô thị ti na ở quảng nam vcl,1
Giọng hát hay nhưng lời nhạc thì ko fải gu nên ko nghe nhiều,0
S mọi ng có thể nghe nổi bài này nhỉ,0
nhạc như cc,1
hay là content nhể😂,0
Mong 🦠 xem đc😂,0
con lợn này khỏi chối nhe cưng,0
Nói thật tau chả thấy hay và ý nghĩa ở đâu cả,0
Thể loại nhạc dành cho lối trẻ...,0
sao mình k thây hay mà hót zịnta.,0
Nhạc và bài lời hát giọng hát cũng chẳng hay vậy mà nãy đọc ở đâu có bài báo so sánh bài hát này hay hơn bài Bắc blinh của hòa minzi đòi lọt tốp 1 mới ghê nghe khó chịu,0
Xin hỏi b này tên gì,0
Nhìn thế này mà virus nó cũng nuốt được gu nó mặn vl thật,1
Giao diện tomboy éo thẩm nổi,1
coi mặt cổ ngây thơ kìa kkk,0
Ai giải thích hộ t với chả hiểu gì,0
Ko hiểu bài hát kiểu gì,0
T nhìn phát bt lunn😂,0
Gu mặn vkl,0
Top 2 thịnh hành nhỉ,0
Thấy để tóc này rất đẹp,0
Tính ra đống cức nào cũng có bro! Thương bro!,1
Cuối tuần ko có phim n hay mà sao ăn ph cức v ad,1
Xem phim Việt thì thế là đúng rồi,0
Nước l mà nhạt hả má 😂,1
Coi Truy tìm LDH vs Không có bông tuyết nào trong sạch đi,0
Cho xin cái review “Truy tìm long viên hương” đi t fan ActionC đang muốn đi xem quá,0
Truy tìm Long diên hương đi adddd,0
Hồ Tiên Nhi dị là tối tụi mình ăn 💩 hả 😐,0
xin lỗi vì đã chửi các page khác ăn tiền...,0
Tao sẽ xem post này là quảng cáo cải mã,0
Duma khen đi cho ae gr mỗi mem 500🐦,0
Mr. Liêm =))) cứt tuần nào cũng check hộ ae nhưng 200 cụ thì ko húp 😂,0
Chồn Xanh Ami,0
bú 200tr rồi đổi tên page là khen phim review :)),0
Cứng quá cứng. Nói vậy chứ phim này ad có cho điểm là chắc đã lấy tiền rồi đíng không????😅,0
Admin Trần Anh cứng vkl 🤣,0
Mình fan của admin,0
Chửi hay thật,0
Tôi bắt đầu follow từ khi đọc được bài này,0
Trang chuyên Chê phim vn :)),0
Nó đang gài để đổ tội fan Jack booking page để chê phim,0
Ơ thế nếu lúc đó bên kia đồng ý 1 tỷ thật thì làm sao đây admin 😜,0
cho tui 1tr5 đi tui khen mọi mặt trận,0
+1 content cho cải mả. Ae lỗ mũi cũng to đấy 🐧,0
chịu shop 100tr khen cả năm còn được,0
ad liêm như bác Bao Thanh Thiên,0
vcl 200m t bán page luôn 🐧,0
Sáng Phan,0
Cho 100k tao đi khen hết cái fb quá,0
Cắt diễn tốt lắm,0
200tr chia t 30m cũng đc 😌,0
Má bú 200tr có phải thơm ko :))),0
Vl 200m 🤣🤣🤣,0
Tự tạo content hoặc scam thôi chứ có cl 🐧,0
Tiền thế này bảo sao mấy bố khen lấy khen để,0
Nghi ngờ tự lấy clone nhắn chứ khi ko biếu 200 củ mà ko húp,0
Giao ước quỷ dữ đấy. Thử 1 lần và sẽ rất nhiều hậu quả :)),0
Chắc lộn với bên con mèo trên nền màu xanh chấm phim leeto 8.5 rồi🫰🏻bên đó mới hay nhận booking nè he,0
Page công tâm nhất mà mình dc biết 👍🏻👍🏻👍🏻👍🏻,0
Liêm chính điện ảnh 😃,0
tưởng 100m thì có là 💩 cũng khen thơm chứ :)),0
Ảnh liêm,0
Liêm quá 😭,0
Liêm vl =)) Vũ Đức Quyết,0
Dù biết Liêm cũng ko no đc cái bụng nhưng ít ra ko mang tiếng là Liêms 😜,0
Nghe mùu content vcl,0
Này dùng clone tự sục chéo chứ làm gì có ai thuê 😬,1
3 que bị phát hiện và xin lỗi,2
Thì hát bằng miệng chứ bằng mắt đâu chấp cũng thừa,0
đăng hình tùng núi là đc sky bảo kê r ngu vl =)),0
Cali hết thời mò về vn kiếm tiền 🤣,2
Chắc đã “hoàn lương” chưa :))),0
cọng lông nách của A Long,0
Già đầu phát biểu ngâu quá =)),0
Việt Nam mà vẫn nghèo như trong tưởng tượng của đám cali thì thằng cha này còn khước mới về.,0
Tùng Anh,0
Ngựa quen đường cũ . Cái máu sân si vẫn ngấm sâu vào máu rồi 😂,0
Ba que mà sao hay vui quá?,2
Chắc nó lại muốn thành tị nạn cộng sản 😂,2
Hảo so sánh vui.,0
Cười ẻ =)),0
nói chuyện ngu vãi :)))),0
Chúa tể Bóp Ku gai con,1
